Workbook

Sheet Current Roster
A6: Brawl | D6: Melee | G6: Ultimate
A7: Bowser | D7: Bayonetta | G7: Captain Falcon
A8: Bowser Jr. | D8: Cloud | G8: Chrom
A9: Corrin | D9: Daisy | G9: Dr. Mario
A10: Dark Samus | D10: Dark Pit | G10: Fox
A11: Diddy Kong | D11: DK | G11: Ice Climbers
A12: Erdrick | D12: Duck Hunt | G12: Ike
A13: Falco | D13: Ganondorf | G13: Inkling
A14: Jigglypuff | D14: Greninja | G14: Joker
A15: Ken | D15: Incineroar | G15: King Dedede
A16: Kirby | D16: Isabelle | G16: Little Mac
A17: Luigi | D17: King K. Rool | G17: Lucario
... A30: Wario | D30: Zelda | G30: Wii Fit Trainer
A31: Young Link

Sheet Ultimate Draft
A1: ULTIMATE DRAFT
A6: Champions | B6: Diddy Kong | D6: Pit
B7: Kirby | D7: Wario
B8: Marth | D8: Olimar
A9: Round 1: | B9: Toon Link | D9: Luigi | F9: Pikachu
F10: Mario
A11: Round 2: | B11: Sonic | D11: Link | F11: Mewtwo
F12: Samus
A13: Round 3: | B13: ROB | D13: Ike | F13: Falco
B14: Ridley | D14: DK | F14: Mr. Game & Watch
A15: Round 4: | B15: Ryu | D15: Meta Knight | F15: Bowser
B16: Wolf | D16: Cloud | F16: Yoshi
A17: Round 5: | B17: Young Link | D17: Ganondorf | F17: Captain Falcon
B18: Simon Belmont | D18: Fox | F18: Mega Man
A19: Round 6: | B19: Bayonetta | D19: Zelda | F19: Ness
B20: Roy | D20: Pac-Man | F20: Shulk
A21: Round 7: | B21: Corrin | D21: Lucario | F21: Lucas
B22: Little Mac | D22: Inkling | F22: Greninja
A23: Round 8: | B23: Richter Blemont | D23: Palutena | F23: Snake
B24: Robin | D24: King K. Rool | F24: Chrom
A25: Round 9: | B25: Dr. Mario | D25: Lucina | F25: Pichu
B26: Pokemon Trainer | D26: Duck Hunt | F26: King Dedede
A27: Round 10: | B27: Bowser Jr. | D27: Ice Climbers | F27: Peach
B28: Rosalina & Luma | D28: Isabelle | F28: Daisy
A29: Round 11: | B29: Wii Fit Trainer | D29: Villager | F29: Jigglypuff
A30: Round 12: | B30: Ken | D30: Dark Pit | F30: Incineroar
B31: Dark Samus | F31: Sheik

Sheet Championship History
F3: Unified Tag Team: | G3: Ridley + Dark Samus
B7: Brawl Champion: | C7: Toon Link | H7: Melee Champion: | I7: Lucas | N7: Ultimate Champion: | P7: Erdrick
B8: Human Champion: | C8: Wario | H8: Animal Champion | I8: DK | N8: Monster Champion: | P8: Chrom
B9: Hardcore Champion: | C9: Bowser | H9: Special Champion: | I9: Incineroar | N9: Chaos Champion: | P9: Mega Man
B10: MITB Brawl: | C10: Samus | H10: MITB Melee: | N10: MITB Ultimate:
B12: Brawl Champion History | D12: Human Champion History | F12: Hardcore Champion History | H12: Unified Tag History | J12: Melee Champion History | L12: Animal Champion History | N12: Special Champion History | P12: Ultimate Champion History | R12: Monster Champion History | T12: Chaos Champion History | V12: Triple Crown Winners | X12: Smash Bros Championship History | Z12: Smash Series History | AB12: Two Major Winner | AD12: Three Major Winner
A13: 1 | B13: Pikachu | C13: 1 | D13: Mr. Game & Watch | E13: 1 | F13: Snake | G13: 1 | H13: Lucas + Ness | I13: 1 | J13: Kirby | K13: 1 | L13: Ice Climbers | M13: 1 | N13: Fox | O13: 1 | P13: Mr. Game & Watch | Q13: 1 | R13: Lucas | S13: 1 | T13: Greninja | U13: 1 | V13: Fox (Year 2 Ignition) | W13: 1 | X13: - | Y13: 1 | Z13: Toon Link/Simon Belmont (Brawl) | AA13: 1 | AB13: Pikachu (M/B) | AC13: 1 | AD13: Mario
A14: 2 | B14: Mario | C14: 2 | D14: Sonic | E14: 2 | F14: Luigi | G14: 2 | H14: Fox + Falco | I14: 2 | J14: Bowser | K14: 2 | L14: Wolf | M14: 2 | N14: Marth | O14: 2 | P14: Mario | Q14: 2 | R14: Ness | S14: 2 | T14: Snake | U14: 2 | V14: Ness (Year 2 Final Destination) | W14: 2 | X14: Wario | Y14: 2 | Z14: Ness/Ganondorf (Melee) | AA14: 2 | AB14: Luigi (M/B)
A15: 3 | B15: Pikachu | C15: 3 | D15: Mr. Game & Watch | E15: 3 | F15: Ganandorf | G15: 3 | H15: Lucas + Ness | I15: 3 | J15: Kirby | K15: 3 | L15: Mr. Game & Watch | M15: 3 | N15: Ness | O15: 3 | P15: Snake | Q15: 3 | R15: King Dedede | S15: 3 | T15: Captain Falcon | U15: 3 | V15: Toon Link (Year 3 King of the Hill) | W15: 3 | X15: Lucario | AA15: 3 | AB15: Kirby (M/B)
A16: 4 | B16: Wario | C16: 4 | D16: ROB | E16: 4 | F16: Luigi | G16: 4 | H16: Fox + Falco | I16: 4 | J16: Meta Knight | K16: 4 | L16: Toon Link | M16: 4 | N16: Wolf | O16: 4 | P16: Bowser | Q16: 4 | R16: Shulk | S16: 4 | T16: Shulk | U16: 4 | V16: Pikachu (Year 4 Great Race) | W16: 4 | X16: Lucario | AA16: 4 | AB16: Mr. Game & Watch (M/U)
A17: 5 | B17: Link | C17: 5 | D17: Olimar | E17: 5 | F17: ROB | G17: 5 | H17: Pikachu + Sonic | I17: 5 | J17: DK | K17: 5 | L17: Mr. Game & Watch | M17: 5 | N17: Mr. Game & Watch | O17: 5 | P17: Ness | Q17: 5 | R17: Dr. Mario | S17: 5 | T17: Captain Falcon | U17: 5 | V17: Ike (Year 5 BrawlMania) | W17: 5 | X17: Kirby | AA17: 5 | AB17: Bowser (M/U)
A18: 6 | B18: Diddy Kong | C18: 6 | D18: Ike | E18: 6 | F18: Wario | G18: 6 | H18: Fox + Falco | I18: 6 | J18: Pikachu | K18: 6 | L18: Toon Link | M18: 6 | N18: Bowser | O18: 6 | P18: King Dedede | Q18: 6 | R18: Inkling | S18: 6 | T18: Roy | U18: 6 | V18: Mr. Game & Watch (Year 6 Championship Scramble) | W18: 6 | X18: Wolf | AA18: 6 | AB18: Ness (B/U)
A19: 7 | B19: Mario | C19: 7 | D19: Olimar | E19: 7 | F19: Captain Falcon | G19: 7 | H19: Toon Link + Zelda | I19: 7 | J19: Kirby | K19: 7 | L19: Sonic | M19: 7 | N19: Pokemon Trainer | O19: 7 | P19: Mario | Q19: 7 | R19: Shulk | S19: 7 | T19: Mega Man | U19: 7 | V19: Lucas (Year 7 Final Destination) | W19: 7 | X19: Luigi
A20: 8 | B20: Diddy Kong | C20: 8 | D20: Ike | E20: 8 | F20: Lucario | G20: 8 | H20: Ike + Pikachu | I20: 8 | J20: Yoshi | K20: 8 | L20: Falco | M20: 8 | N20: Mr. Game & Watch | O20: 8 | P20: King Dedede | Q20: 8 | R20: Dr. Mario | S20: 8 | T20: Pac-Man
A21: 9 | B21: Luigi | C21: 9 | D21: Mario | E21: 9 | F21: Wario | G21: 9 | H21: King K. Rool + Mr. Game & Watch | I21: 9 | J21: Pit | K21: 9 | L21: Yoshi | M21: 9 | N21: Yoshi | O21: 9 | P21: Shulk | Q21: 9 | R21: Mr. Game & Watch | S21: 9 | T21: Mega Man
A22: 10 | B22: Fox | C22: 10 | D22: Ness | E22: 10 | F22: ROB | G22: 10 | H22: Ridley + Dark Samus | I22: 10 | J22: Luigi | K22: 10 | L22: Meta Knight | M22: 10 | N22: Olimar | O22: 10 | P22: Erdrick | Q22: 10 | R22: Dr. Mario
A23: 11 | B23: Toon Link | C23: 11 | D23: Diddy Kong | E23: 11 | F23: King Dedede | I23: 11 | J23: Meta Knight | K23: 11 | L23: Falco | M23: 11 | N23: King K. Rool | Q23: 11 | R23: Chrom
A24: 12 | B24: Ness | C24: 12 | D24: Ness | E24: 12 | F24: Mario | I24: 12 | J24: Luigi | K24: 12 | L24: Captain Falcon | M24: 12 | N24: DK
A25: 13 | B25: Toon Link | C25: 13 | D25: Sonic | E25: 13 | F25: Sonic | I25: 13 | J25: Mr. Game & Watch | K25: 13 | L25: Ike | M25: 13 | N25: Meta Knight
A26: 14 | B26: Captain Falcon | C26: 14 | D26: Diddy Kong | E26: 14 | F26: Marth | I26: 14 | J26: Kirby | K26: 14 | L26: Pikachu | M26: 14 | N26: Yoshi
A27: 15 | B27: Link | C27: 15 | D27: ROB | E27: 15 | F27: DK | I27: 15 | J27: Ike | K27: 15 | L27: Pit | M27: 15 | N27: Incineroar
A28: 16 | B28: Diddy Kong | C28: 16 | D28: Falco | E28: 16 | F28: Sonic | I28: 16 | J28: Meta Knight | K28: 16 | L28: Mario
A29: 17 | B29: Wario | C29: 17 | D29: Marth | E29: 17 | F29: Samus | I29: 17 | J29: Mario | K29: 17 | L29: Wario
A30: 18 | B30: Lucario | C30: 18 | D30: Robin | E30: 18 | F30: Kirby | I30: 18 | J30: Kirby | K30: 18 | L30: Dark Pit
A31: 19 | B31: ROB | C31: 19 | D31: Fox | E31: 19 | F31: Palutena | I31: 19 | J31: Meta Knight | K31: 19 | L31: Lucina
A32: 20 | B32: Pikachu | C32: 20 | D32: Falco | E32: 20 | F32: Samus | I32: 20 | J32: Luigi | K32: 20 | L32: Wolf
A33: 21 | B33: Diddy Kong | C33: 21 | D33: Robin | E33: 21 | F33: Palutena | I33: 21 | J33: Mario | K33: 21 | L33: Mewtwo
A34: 22 | B34: ROB | C34: 22 | D34: Marth | E34: 22 | F34: Simon Belmont | I34: 22 | J34: Pit | K34: 22 | L34: DK
A35: 23 | B35: Pikachu | C35: 23 | D35: Wario | E35: 23 | F35: Robin | I35: 23 | J35: Mario
A36: 24 | B36: Samus | E36: 24 | F36: Palutena | I36: 24 | J36: Pit
A37: 25 | B37: Wario | E37: 25 | F37: Bowser | I37: 25 | J37: Ganondorf
A38: 26 | B38: Diddy Kong | I38: 26 | J38: Cloud
A39: 27 | B39: Toon Link | I39: 27 | J39: Ganondorf
A40: 28 | B40: Kirby | I40: 28 | J40: Lucas
A41: 29 | B41: Toon Link
A42: 30 | B42: Marth
A43: 31 | B43: Toon Link
A44: 32 | B44: Diddy Kong
A45: 33 | B45: Toon Link
A46: 34 | B46: Wario
A47: 35 | B47: ROB
A48: 36 | B48: Toon Link
A49: 37 | B49: Kirby
A50: 38 | B50: Toon Link

Sheet Award History
B1: Brawler of the Year | D1: Most Improved (Breakout) | F1: Most Disappointing | H1: Tag Team of the Year | J1: Match of the Year
A2: 1 | B2: Kirby | C2: 1 | D2: Wario | E2: 1 | F2: Ganondorf | G2: 1 | H2: Ness | I2: 1 | J2: Wolf vs. Pit vs. Falco
A3: 2 | B3: Luigi | C3: 2 | D3: Sonic | E3: 2 | F3: Marth | G3: + | H3: Lucas | I3: 2 | J3: Pikachu vs. DK
A4: 3 | B4: ROB | C4: 3 | D4: Falco | E4: 3 | F4: Wolf | G4: 2 | H4: Fox | I4: 3 | J4: Luigi vs. Link
A5: 4 | B5: Diddy Kong | C5: 4 | D5: Ike | E5: 4 | F5: Mr. Game & Watch | G5: + | H5: Falco | I5: 4 | J5: Samus vs. ROB
A6: 5 | B6: Toon Link | C6: 5 | D6: Mario | E6: 5 | F6: Bowser | G6: 3 | H6: Toon Link | I6: 5 | J6: Mario vs. Pit vs. Ike vs. Luigi
A7: 6 | B7: Cloud | C7: 6 | D7: King Dedede | E7: 6 | F7: Mewtwo | G7: + | H7: Zelda | I7: 6
G8: 4 | H8: Toon Link
G9: + | H9: Zelda
G10: 5 | H10: Ike
G11: + | H11: Pikachu
G12: 6 | H12: Ike
G13: + | H13: Pikachu

Sheet Career Stats
A1: Rank | B1: Name | C1: Wins | D1: Losses | E1: Win Percentage
A2: =RANK(Table18[[#This Row],[Win Percentage]],E:E) -> 1 | B2: Erdrick | C2: =SUM(VLOOKUP(B2,'Season 1 Stats'!$A$2:$C$500,2,FALSE),VLOOKUP(B2,'Season 2 Stats'!$A$2:$C$500,2,FALSE),VLOOKUP(B2,'Season 3 Stats'!$A$2:$C$500,2,FALSE),VLOOKUP(B2,'Season 4 Stats'!$A$2:$C$500,2,FALSE),VLOOKUP(B2,'Season 5 Stats'!$A$2:$C$500,2,FALSE),VLOOKUP(B2,'Season 6 Stats'!$A$2:$C$505,2,FALSE),VLOOKUP(B2,'Season 7 Stats'!$A$2:$C$508,2,FALSE)) -> 6 | D2: =SUM(VLOOKUP(B2,'Season 1 Stats'!$A$2:$C$500,3,FALSE),VLOOKUP(B2,'Season 2 Stats'!$A$2:$C$500,3,FALSE),VLOOKUP(B2,'Season 3 Stats'!$A$2:$C$500,3,FALSE),VLOOKUP(B2,'Season 4 Stats'!$A$2:$C$500,3,FALSE),VLOOKUP(B2,'Season 5 Stats'!$A$2:$C$500,3,FALSE),VLOOKUP(B2,'Season 6 Stats'!$A$2:$C$505,3,FALSE),VLOOKUP(B2,'Season 7 Stats'!$A$2:$C$508,3,FALSE)) -> 2 | E2: =IF(ISERROR(C2/(C2+D2)),0%,C2/(C2+D2)) -> 0.75
A3: =RANK(Table18[[#This Row],[Win Percentage]],E:E) -> 2 | B3: Cloud | C3: =SUM(VLOOKUP(B3,'Season 1 Stats'!$A$2:$C$500,2,FALSE),VLOOKUP(B3,'Season 2 Stats'!$A$2:$C$500,2,FALSE),VLOOKUP(B3,'Season 3 Stats'!$A$2:$C$500,2,FALSE),VLOOKUP(B3,'Season 4 Stats'!$A$2:$C$500,2,FALSE),VLOOKUP(B3,'Season 5 Stats'!$A$2:$C$500,2,FALSE),VLOOKUP(B3,'Season 6 Stats'!$A$2:$C$505,2,FALSE),VLOOKUP(B3,'Season 7 Stats'!$A$2:$C$508,2,FALSE)) -> 32 | D3: =SUM(VLOOKUP(B3,'Season 1 Stats'!$A$2:$C$500,3,FALSE),VLOOKUP(B3,'Season 2 Stats'!$A$2:$C$500,3,FALSE),VLOOKUP(B3,'Season 3 Stats'!$A$2:$C$500,3,FALSE),VLOOKUP(B3,'Season 4 Stats'!$A$2:$C$500,3,FALSE),VLOOKUP(B3,'Season 5 Stats'!$A$2:$C$500,3,FALSE),VLOOKUP(B3,'Season 6 Stats'!$A$2:$C$505,3,FALSE),VLOOKUP(B3,'Season 7 Stats'!$A$2:$C$508,3,FALSE)) -> 12 | E3: =IF(ISERROR(C3/(C3+D3)),0%,C3/(C3+D3)) -> 0.72727273
A4: =RANK(Table18[[#This Row],[Win Percentage]],E:E) -> 3 | B4: Kirby | C4: =SUM(VLOOKUP(B4,'Season 1 Stats'!$A$2:$C$500,2,FALSE),VLOOKUP(B4,'Season 2 Stats'!$A$2:$C$500,2,FALSE),VLOOKUP(B4,'Season 3 Stats'!$A$2:$C$500,2,FALSE),VLOOKUP(B4,'Season 4 Stats'!$A$2:$C$500,2,FALSE),VLOOKUP(B4,'Season 5 Stats'!$A$2:$C$500,2,FALSE),VLOOKUP(B4,'Season 6 Stats'!$A$2:$C$505,2,FALSE),VLOOKUP(B4,'Season 7 Stats'!$A$2:$C$508,2,FALSE)) -> 132 | D4: =SUM(VLOOKUP(B4,'Season 1 Stats'!$A$2:$C$500,3,FALSE),VLOOKUP(B4,'Season 2 Stats'!$A$2:$C$500,3,FALSE),VLOOKUP(B4,'Season 3 Stats'!$A$2:$C$500,3,FALSE),VLOOKUP(B4,'Season 4 Stats'!$A$2:$C$500,3,FALSE),VLOOKUP(B4,'Season 5 Stats'!$A$2:$C$500,3,FALSE),VLOOKUP(B4,'Season 6 Stats'!$A$2:$C$505,3,FALSE),VLOOKUP(B4,'Season 7 Stats'!$A$2:$C$508,3,FALSE)) -> 51 | E4: =IF(ISERROR(C4/(C4+D4)),0%,C4/(C4+D4)) -> 0.72131148
A5: =RANK(Table18[[#This Row],[Win Percentage]],E:E) -> 4 | B5: Toon Link | C5: =SUM(VLOOKUP(B5,'Season 1 Stats'!$A$2:$C$500,2,FALSE),VLOOKUP(B5,'Season 2 Stats'!$A$2:$C$500,2,FALSE),VLOOKUP(B5,'Season 3 Stats'!$A$2:$C$500,2,FALSE),VLOOKUP(B5,'Season 4 Stats'!$A$2:$C$500,2,FALSE),VLOOKUP(B5,'Season 5 Stats'!$A$2:$C$500,2,FALSE),VLOOKUP(B5,'Season 6 Stats'!$A$2:$C$505,2,FALSE),VLOOKUP(B5,'Season 7 Stats'!$A$2:$C$508,2,FALSE)) -> 138 | D5: =SUM(VLOOKUP(B5,'Season 1 Stats'!$A$2:$C$500,3,FALSE),VLOOKUP(B5,'Season 2 Stats'!$A$2:$C$500,3,FALSE),VLOOKUP(B5,'Season 3 Stats'!$A$2:$C$500,3,FALSE),VLOOKUP(B5,'Season 4 Stats'!$A$2:$C$500,3,FALSE),VLOOKUP(B5,'Season 5 Stats'!$A$2:$C$500,3,FALSE),VLOOKUP(B5,'Season 6 Stats'!$A$2:$C$505,3,FALSE),VLOOKUP(B5,'Season 7 Stats'!$A$2:$C$508,3,FALSE)) -> 66 | E5: =IF(ISERROR(C5/(C5+D5)),0%,C5/(C5+D5)) -> 0.67647059
A6: =RANK(Table18[[#This Row],[Win Percentage]],E:E) -> 5 | B6: Dark Pit | C6: =SUM(VLOOKUP(B6,'Season 1 Stats'!$A$2:$C$500,2,FALSE),VLOOKUP(B6,'Season 2 Stats'!$A$2:$C$500,2,FALSE),VLOOKUP(B6,'Season 3 Stats'!$A$2:$C$500,2,FALSE),VLOOKUP(B6,'Season 4 Stats'!$A$2:$C$500,2,FALSE),VLOOKUP(B6,'Season 5 Stats'!$A$2:$C$500,2,FALSE),VLOOKUP(B6,'Season 6 Stats'!$A$2:$C$505,2,FALSE),VLOOKUP(B6,'Season 7 Stats'!$A$2:$C$508,2,FALSE)) -> 31 | D6: =SUM(VLOOKUP(B6,'Season 1 Stats'!$A$2:$C$500,3,FALSE),VLOOKUP(B6,'Season 2 Stats'!$A$2:$C$500,3,FALSE),VLOOKUP(B6,'Season 3 Stats'!$A$2:$C$500,3,FALSE),VLOOKUP(B6,'Season 4 Stats'!$A$2:$C$500,3,FALSE),VLOOKUP(B6,'Season 5 Stats'!$A$2:$C$500,3,FALSE),VLOOKUP(B6,'Season 6 Stats'!$A$2:$C$505,3,FALSE),VLOOKUP(B6,'Season 7 Stats'!$A$2:$C$508,3,FALSE)) -> 15 | E6: =IF(ISERROR(C6/(C6+D6)),0%,C6/(C6+D6)) -> 0.67391304
A7: =RANK(Table18[[#This Row],[Win Percentage]],E:E) -> 6 | B7: Robin | C7: =SUM(VLOOKUP(B7,'Season 1 Stats'!$A$2:$C$500,2,FALSE),VLOOKUP(B7,'Season 2 Stats'!$A$2:$C$500,2,FALSE),VLOOKUP(B7,'Season 3 Stats'!$A$2:$C$500,2,FALSE),VLOOKUP(B7,'Season 4 Stats'!$A$2:$C$500,2,FALSE),VLOOKUP(B7,'Season 5 Stats'!$A$2:$C$500,2,FALSE),VLOOKUP(B7,'Season 6 Stats'!$A$2:$C$505,2,FALSE),VLOOKUP(B7,'Season 7 Stats'!$A$2:$C$508,2,FALSE)) -> 27 | D7: =SUM(VLOOKUP(B7,'Season 1 Stats'!$A$2:$C$500,3,FALSE),VLOOKUP(B7,'Season 2 Stats'!$A$2:$C$500,3,FALSE),VLOOKUP(B7,'Season 3 Stats'!$A$2:$C$500,3,FALSE),VLOOKUP(B7,'Season 4 Stats'!$A$2:$C$500,3,FALSE),VLOOKUP(B7,'Season 5 Stats'!$A$2:$C$500,3,FALSE),VLOOKUP(B7,'Season 6 Stats'!$A$2:$C$505,3,FALSE),VLOOKUP(B7,'Season 7 Stats'!$A$2:$C$508,3,FALSE)) -> 15 | E7: =IF(ISERROR(C7/(C7+D7)),0%,C7/(C7+D7)) -> 0.64285714
A8: =RANK(Table18[[#This Row],[Win Percentage]],E:E) -> 7 | B8: Luigi | C8: =SUM(VLOOKUP(B8,'Season 1 Stats'!$A$2:$C$500,2,FALSE),VLOOKUP(B8,'Season 2 Stats'!$A$2:$C$500,2,FALSE),VLOOKUP(B8,'Season 3 Stats'!$A$2:$C$500,2,FALSE),VLOOKUP(B8,'Season 4 Stats'!$A$2:$C$500,2,FALSE),VLOOKUP(B8,'Season 5 Stats'!$A$2:$C$500,2,FALSE),VLOOKUP(B8,'Season 6 Stats'!$A$2:$C$505,2,FALSE),VLOOKUP(B8,'Season 7 Stats'!$A$2:$C$508,2,FALSE)) -> 131 | D8: =SUM(VLOOKUP(B8,'Season 1 Stats'!$A$2:$C$500,3,FALSE),VLOOKUP(B8,'Season 2 Stats'!$A$2:$C$500,3,FALSE),VLOOKUP(B8,'Season 3 Stats'!$A$2:$C$500,3,FALSE),VLOOKUP(B8,'Season 4 Stats'!$A$2:$C$500,3,FALSE),VLOOKUP(B8,'Season 5 Stats'!$A$2:$C$500,3,FALSE),VLOOKUP(B8,'Season 6 Stats'!$A$2:$C$505,3,FALSE),VLOOKUP(B8,'Season 7 Stats'!$A$2:$C$508,3,FALSE)) -> 76 | E8: =IF(ISERROR(C8/(C8+D8)),0%,C8/(C8+D8)) -> 0.63285024
A9: =RANK(Table18[[#This Row],[Win Percentage]],E:E) -> 8 | B9: Pikachu | C9: =SUM(VLOOKUP(B9,'Season 1 Stats'!$A$2:$C$500,2,FALSE),VLOOKUP(B9,'Season 2 Stats'!$A$2:$C$500,2,FALSE),VLOOKUP(B9,'Season 3 Stats'!$A$2:$C$500,2,FALSE),VLOOKUP(B9,'Season 4 Stats'!$A$2:$C$500,2,FALSE),VLOOKUP(B9,'Season 5 Stats'!$A$2:$C$500,2,FALSE),VLOOKUP(B9,'Season 6 Stats'!$A$2:$C$505,2,FALSE),VLOOKUP(B9,'Season 7 Stats'!$A$2:$C$508,2,FALSE)) -> 132 | D9: =SUM(VLOOKUP(B9,'Season 1 Stats'!$A$2:$C$500,3,FALSE),VLOOKUP(B9,'Season 2 Stats'!$A$2:$C$500,3,FALSE),VLOOKUP(B9,'Season 3 Stats'!$A$2:$C$500,3,FALSE),VLOOKUP(B9,'Season 4 Stats'!$A$2:$C$500,3,FALSE),VLOOKUP(B9,'Season 5 Stats'!$A$2:$C$500,3,FALSE),VLOOKUP(B9,'Season 6 Stats'!$A$2:$C$505,3,FALSE),VLOOKUP(B9,'Season 7 Stats'!$A$2:$C$508,3,FALSE)) -> 78 | E9: =IF(ISERROR(C9/(C9+D9)),0%,C9/(C9+D9)) -> 0.62857143
A10: =RANK(Table18[[#This Row],[Win Percentage]],E:E) -> 9 | B10: Wario | C10: =SUM(VLOOKUP(B10,'Season 1 Stats'!$A$2:$C$500,2,FALSE),VLOOKUP(B10,'Season 2 Stats'!$A$2:$C$500,2,FALSE),VLOOKUP(B10,'Season 3 Stats'!$A$2:$C$500,2,FALSE),VLOOKUP(B10,'Season 4 Stats'!$A$2:$C$500,2,FALSE),VLOOKUP(B10,'Season 5 Stats'!$A$2:$C$500,2,FALSE),VLOOKUP(B10,'Season 6 Stats'!$A$2:$C$505,2,FALSE),VLOOKUP(B10,'Season 7 Stats'!$A$2:$C$508,2,FALSE)) -> 129 | D10: =SUM(VLOOKUP(B10,'Season 1 Stats'!$A$2:$C$500,3,FALSE),VLOOKUP(B10,'Season 2 Stats'!$A$2:$C$500,3,FALSE),VLOOKUP(B10,'Season 3 Stats'!$A$2:$C$500,3,FALSE),VLOOKUP(B10,'Season 4 Stats'!$A$2:$C$500,3,FALSE),VLOOKUP(B10,'Season 5 Stats'!$A$2:$C$500,3,FALSE),VLOOKUP(B10,'Season 6 Stats'!$A$2:$C$505,3,FALSE),VLOOKUP(B10,'Season 7 Stats'!$A$2:$C$508,3,FALSE)) -> 86 | E10: =IF(ISERROR(C10/(C10+D10)),0%,C10/(C10+D10)) -> 0.6
A11: =RANK(Table18[[#This Row],[Win Percentage]],E:E) -> 10 | B11: ROB | C11: =SUM(VLOOKUP(B11,'Season 1 Stats'!$A$2:$C$500,2,FALSE),VLOOKUP(B11,'Season 2 Stats'!$A$2:$C$500,2,FALSE),VLOOKUP(B11,'Season 3 Stats'!$A$2:$C$500,2,FALSE),VLOOKUP(B11,'Season 4 Stats'!$A$2:$C$500,2,FALSE),VLOOKUP(B11,'Season 5 Stats'!$A$2:$C$500,2,FALSE),VLOOKUP(B11,'Season 6 Stats'!$A$2:$C$505,2,FALSE),VLOOKUP(B11,'Season 7 Stats'!$A$2:$C$508,2,FALSE)) -> 124 | D11: =SUM(VLOOKUP(B11,'Season 1 Stats'!$A$2:$C$500,3,FALSE),VLOOKUP(B11,'Season 2 Stats'!$A$2:$C$500,3,FALSE),VLOOKUP(B11,'Season 3 Stats'!$A$2:$C$500,3,FALSE),VLOOKUP(B11,'Season 4 Stats'!$A$2:$C$500,3,FALSE),VLOOKUP(B11,'Season 5 Stats'!$A$2:$C$500,3,FALSE),VLOOKUP(B11,'Season 6 Stats'!$A$2:$C$505,3,FALSE),VLOOKUP(B11,'Season 7 Stats'!$A$2:$C$508,3,FALSE)) -> 83 | E11: =IF(ISERROR(C11/(C11+D11)),0%,C11/(C11+D11)) -> 0.59903382
A12: =RANK(Table18[[#This Row],[Win Percentage]],E:E) -> 11 | B12: Shulk | C12: =SUM(VLOOKUP(B12,'Season 1 Stats'!$A$2:$C$500,2,FALSE),VLOOKUP(B12,'Season 2 Stats'!$A$2:$C$500,2,FALSE),VLOOKUP(B12,'Season 3 Stats'!$A$2:$C$500,2,FALSE),VLOOKUP(B12,'Season 4 Stats'!$A$2:$C$500,2,FALSE),VLOOKUP(B12,'Season 5 Stats'!$A$2:$C$500,2,FALSE),VLOOKUP(B12,'Season 6 Stats'!$A$2:$C$505,2,FALSE),VLOOKUP(B12,'Season 7 Stats'!$A$2:$C$508,2,FALSE)) -> 25 | D12: =SUM(VLOOKUP(B12,'Season 1 Stats'!$A$2:$C$500,3,FALSE),VLOOKUP(B12,'Season 2 Stats'!$A$2:$C$500,3,FALSE),VLOOKUP(B12,'Season 3 Stats'!$A$2:$C$500,3,FALSE),VLOOKUP(B12,'Season 4 Stats'!$A$2:$C$500,3,FALSE),VLOOKUP(B12,'Season 5 Stats'!$A$2:$C$500,3,FALSE),VLOOKUP(B12,'Season 6 Stats'!$A$2:$C$505,3,FALSE),VLOOKUP(B12,'Season 7 Stats'!$A$2:$C$508,3,FALSE)) -> 17 | E12: =IF(ISERROR(C12/(C12+D12)),0%,C12/(C12+D12)) -> 0.5952381
A13: =RANK(Table18[[#This Row],[Win Percentage]],E:E) -> 12 | B13: Dr. Mario | C13: =SUM(VLOOKUP(B13,'Season 1 Stats'!$A$2:$C$500,2,FALSE),VLOOKUP(B13,'Season 2 Stats'!$A$2:$C$500,2,FALSE),VLOOKUP(B13,'Season 3 Stats'!$A$2:$C$500,2,FALSE),VLOOKUP(B13,'Season 4 Stats'!$A$2:$C$500,2,FALSE),VLOOKUP(B13,'Season 5 Stats'!$A$2:$C$500,2,FALSE),VLOOKUP(B13,'Season 6 Stats'!$A$2:$C$505,2,FALSE),VLOOKUP(B13,'Season 7 Stats'!$A$2:$C$508,2,FALSE)) -> 25 | D13: =SUM(VLOOKUP(B13,'Season 1 Stats'!$A$2:$C$500,3,FALSE),VLOOKUP(B13,'Season 2 Stats'!$A$2:$C$500,3,FALSE),VLOOKUP(B13,'Season 3 Stats'!$A$2:$C$500,3,FALSE),VLOOKUP(B13,'Season 4 Stats'!$A$2:$C$500,3,FALSE),VLOOKUP(B13,'Season 5 Stats'!$A$2:$C$500,3,FALSE),VLOOKUP(B13,'Season 6 Stats'!$A$2:$C$505,3,FALSE),VLOOKUP(B13,'Season 7 Stats'!$A$2:$C$508,3,FALSE)) -> 18 | E13: =IF(ISERROR(C13/(C13+D13)),0%,C13/(C13+D13)) -> 0.58139535
... A74: =RANK(Table18[[#This Row],[Win Percentage]],E:E) -> 73 | B74: Pichu | C74: =SUM(VLOOKUP(B74,'Season 1 Stats'!$A$2:$C$500,2,FALSE),VLOOKUP(B74,'Season 2 Stats'!$A$2:$C$500,2,FALSE),VLOOKUP(B74,'Season 3 Stats'!$A$2:$C$500,2,FALSE),VLOOKUP(B74,'Season 4 Stats'!$A$2:$C$500,2,FALSE),VLOOKUP(B74,'Season 5 Stats'!$A$2:$C$500,2,FALSE),VLOOKUP(B74,'Season 6 Stats'!$A$2:$C$505,2,FALSE),VLOOKUP(B74,'Season 7 Stats'!$A$2:$C$508,2,FALSE)) -> 0 | D74: =SUM(VLOOKUP(B74,'Season 1 Stats'!$A$2:$C$500,3,FALSE),VLOOKUP(B74,'Season 2 Stats'!$A$2:$C$500,3,FALSE),VLOOKUP(B74,'Season 3 Stats'!$A$2:$C$500,3,FALSE),VLOOKUP(B74,'Season 4 Stats'!$A$2:$C$500,3,FALSE),VLOOKUP(B74,'Season 5 Stats'!$A$2:$C$500,3,FALSE),VLOOKUP(B74,'Season 6 Stats'!$A$2:$C$505,3,FALSE),VLOOKUP(B74,'Season 7 Stats'!$A$2:$C$508,3,FALSE)) -> 22 | E74: =IF(ISERROR(C74/(C74+D74)),0%,C74/(C74+D74)) -> 0

Sheet Ultimate Tourney
A1: Pikachu (9) | D1: Ultimate | F1: Incineroar (8) | I1: Monster | N1: Chaos
B2: Shulk | G2: Peach | L2: King Dedede (6)
A3: Shulk (5) | F3: Peach (2)
C4: MGW | H4: Lucas | M4: Snake
A5: Samus (7) | F5: Lucas (7) | K5: Pichu (3)
B6: MGW | G6: Lucas | L6: Snake
A7: MGW (8) | F7: Ness (8) | K7: Snake (6)
D8: MGW | I8: Lucas | N8: Greninja
A9: Mewtwo (8) | F9: Captain Falcon (6) | K9: Greninja (7)
B10: Falco | G10: Captain Falcon | L10: Greninja
A11: Falco (6) | F11: Mega Man (6) | K11: Daisy (2)
C12: Mario | H12: Bowser | M12: Greninja
A13: Yoshi (6) | F13: Jigglypuff (1)
B14: Mario | G14: Bowser | L14: Chrom (8)
A15: Mario (9) | F15: Bowser (7)
A18: Ethan's predictions
A20: Pikachu (9) | D20: Ultimate | F20: Incineroar (8) | I20: Monster | N20: Chaos
B21: Pikachu | G21: Incineroar | L21: King Dedede (6)
A22: Shulk (5) | F22: Peach (2)
C23: Pikachu | H23: Incineroar | M23: Snake
A24: Samus (7) | F24: Lucas (7) | K24: Pichu (3)
B25: MG&W | G25: Ness | L25: Snake
A26: MGW (8) | F26: Ness (8) | K26: Snake (6)
D27: Pikachu | I27: Incineroar | N27: Chrom
A28: Mewtwo (8) | F28: Captain Falcon (6) | K28: Greninja (7)
B29: Mewtwo | G29: Captain Falcon | L29: Greninja
A30: Falco (6) | F30: Mega Man (6) | K30: Daisy (2)
C31: Mario | H31: Bowser | M31: Chrom
A32: Yoshi (6) | F32: Jigglypuff (1)
B33: Mario | G33: Bowser | L33: Chrom (8)
A34: Mario (9) | F34: Bowser (7)
A36: Ian's predicitions
A38: Pikachu (9) | D38: Ultimate | F38: Incineroar (8) | I38: Monster | N38: Chaos
B39: Pikachu | G39: Incineroar | L39: King Dedede (6)
A40: Shulk (5) | F40: Peach (2)
C41: Pikachu | H41: Ness | M41: King Dedede
A42: Samus (7) | F42: Lucas (7) | K42: Pichu (3)
B43: MGW | G43: Ness | L43: Snake
A44: MGW (8) | F44: Ness (8) | K44: Snake (6)
D45: Mario | I45: Ness | N45: Greninja
A46: Mewtwo (8) | F46: Captain Falcon (6) | K46: Greninja (7)
B47: Mewtwo | G47: Captain Falcon | L47: Greninja
A48: Falco (6) | F48: Mega Man (6) | K48: Daisy (2)
C49: Mario | H49: Bowser | M49: Greninja
A50: Yoshi (6) | F50: Jigglypuff (1)
B51: Mario | G51: Bowser | L51: Chrom (8)
A52: Mario (9) | F52: Bowser (7)

Sheet Season 7
A1: Month 1 | B1: Royal Rumble | L1: Month 2 | M1: Pokeslam | U1: Month 3 | V1: Brawlmania | AD1: Month 4 | AE1: Money in the Bank | AM1: Month 5 | AN1: Ignition | AT1: Month 6 | AU1: Summer Slam | BA1: Month 7 | BB1: Final Destination Tournament | BH1: Month 8 | BI1: The Great Race | BJ1: Erdrick Joins Smash Bros. | BK1: TRADE ALERT: | BQ1: Month 9 | BR1: King of the Hill | BX1: Month 10 | BY1: Smash Series | CH1: Month 11 | CI1: Championship Cruise | CO1: Month 12 | CP1: Championship Scramble
BK2: Ultimate trades Dr. Mario & Captain Falcon to Brawl for Erdrick & Ken
B3: Brawl | C3: Kongo Jungle | M3: Brawl | N3: Temple | V3: Brawl | W3: Mushroom Kingdom II | AE3: Brawl | AF3: Frigate Orpheon | AN3: Brawl | AO3: Shadow Moses Island | AU3: Brawl | AV3: 3D Land | BB3: Brawl | BC3: Magicant (No Hazards) | BI3: Brawl | BJ3: Mushroom Kingdom U | BR3: Brawl | BS3: Garden of Hope | BY3: Brawl | BZ3: Wily Castle | CI3: Brawl | CJ3: Dracula's Castle | CP3: Brawl | CQ3: Lylat Cruise
A4: Spot in Royal Rumble | B4: 1 | C4: Simon Belmont | D4: Robin - W | M4: 1 | N4: Link - W | O4: Daisy | V4: 1 | W4: Pokemon Trainer | X4: ROB - W | AD4: Spot in MITB | AE4: 1 | AF4: Robin | AG4: Ice Climbers - W | AN4: 1 | AO4: Daisy | AP4: Kirby - W | AU4: 1 | AV4: Luigi - W | AW4: Rosalina & Luma | BB4: 1 | BC4: Bowser - W | BD4: Pokemon Trainer | BI4: 1 | BJ4: Diddy Kong - W | BK4: Palutena | BR4: 1 | BS4: Dr. Mario | BT4: Palutena - W | BY4: 1 | BZ4: Simon Belmont - W | CA4: Marth | CI4: 1 | CP4: 1
C5: 0 | D5: 2 | N5: 2 | O5: 0 | W5: 0 | X5: 2 | AF5: 0 | AG5: 2 | AO5: 0 | AP5: 3 | AV5: 2 | AW5: 0 | BC5: 1 | BD5: 0 | BJ5: 2 | BK5: 0 | BS5: 0 | BT5: 1 | BZ5: 2 | CA5: 0
B6: 2 | C6: Ken | D6: Marth - W | M6: 2 | N6: Wii Fit Trainer | O6: Ken - W | V6: 2 | W6: Ryu | X6: Wario - W | AE6: 2 | AF6: Ryu - W | AG6: Jigglypuff | AN6: 2 | AO6: Palutena - W | AP6: Ice Climbers | AU6: 2 | AV6: Sonic - W | AW6: Pokemon Trainer | BB6: 2 | BC6: Palutena | BD6: Marth - W | BI6: 2 | BJ6: Sheik | BK6: Bowser Jr. - W | BR6: 2 | BS6: Bowser - W | BT6: Simon Belmont | BY6: 2 | BZ6: Bowser - W | CA6: Sheik | CI6: 2 | CP6: 2
C7: 0 | D7: 3 | N7: 0 | O7: 2 | W7: 0 | X7: 2 | AF7: 1 | AG7: 0 | AO7: 1 | AP7: 0 | AV7: 2 | AW7: 0 | BC7: 0 | BD7: 1 | BJ7: 0 | BK7: 1 | BS7: 1 | BT7: 0 | BZ7: 2 | CA7: 0
B8: 3 | C8: ROB - W | D8: Wii Fit Trainer | M8: 3 | N8: Palutena - W | O8: Ryu | V8: 3 | W8: Marth - W | X8: Roaslina & Luma | AD8: #1 contender Human | AE8: 3 | AF8: Rosalina & Luma | AG8: Wii Fit Trainer - W | AN8: 3 | AO8: Bowser Jr. | AP8: Marth - W | AU8: 3 | AV8: Wario - W | AW8: Dark Samus | BB8: 3 | BC8: Kirby - W | BD8: Falco | BI8: 3 | BJ8: Sonic | BK8: Dark Samus - W | BR8: 3 | BS8: Pichu | BT8: Jigglypuff - W | BY8: 3 | BZ8: Captain Falcon - W | CA8: Sonic | CI8: 3 | CP8: 3
C9: 2 | D9: 0 | N9: 1 | O9: 0 | W9: 3 | X9: 0 | AF9: 0 | AG9: 2 | AO9: 0 | AP9: 1 | AV9: 1 | AW9: 0 | BC9: 1 | BD9: 0 | BJ9: 0 | BK9: 2 | BS9: 0 | BT9: 1 | BZ9: 1 | CA9: 0
B10: 4 | C10: Fox | D10: Toon Link - W | M10: 4 | N10: Kirby - W | O10: Fox | V10: 4 | W10: Palutena - W | X10: Ice Climbers | AE10: 4 | AF10: Marth - W | AG10: Falco | AN10: 4 | AO10: Link - W | AP10: Falco | AU10: 4 | AV10: Jigglypuff | AW10: Bowser - W | BA10: #16 seed | BB10: 4 | BC10: Pichu | BD10: Jigglypuff - W | BE10: Rosalina & Luma | BF10: Ryu | BI10: 4 | BJ10: Captain Falcon - W | BK10: Young Link | BR10: 4 | BS10: Robin - W | BT10: Sheik | BY10: 4 | BZ10: Corrin | CA10: Bowser Jr. - W | CI10: 4 | CP10: 4
C11: 0 | D11: 3 | N11: 1 | O11: 0 | W11: 2 | X11: 0 | AF11: 2 | AG11: 0 | AO11: 3 | AP11: 0 | AV11: 0 | AW11: 2 | BC11: 0 | BD11: 1 | BE11: 0 | BF11: 0 | BJ11: 2 | BK11: 0 | BS11: 1 | BT11: 0 | BZ11: 0 | CA11: 1
A12: #1 Contender Hardcore | B12: 5 | C12: Wolf | D12: Samus - W | L12: #1 Contender Human | M12: 5 | N12: Ice Climbers | O12: Robin - W | U12: Spot in Hardcore | V12: 5 | W12: Samus - W | X12: Simon Belmont | AD12: Spot in MITB | AE12: 5 | AF12: Palutena | AG12: Samus - W | AM12: #1 Contender Hardcore | AN12: 5 | AO12: Simon Belmont - W | AP12: Wolf | AT12: #1 Contender Human | AU12: 5 | AV12: Diddy Kong | AW12: Palutena - W | BA12: #15 seed | BB12: 5 | BC12: Corrin - W | BD12: Bowser Jr. | BE12: Young Link | BF12: Sheik | BH12: Spot in Brawl | BI12: 5 | BJ12: Kirby - W | BK12: Bowser | BQ12: #1 Contender Hardcore | BR12: 5 | BS12: Diddy Kong | BT12: Captain Falcon - W | BY12: 5 | BZ12: Luigi | CA12: Dr. Mario - W | CI12: 5 | CP12: 5
C13: 0 | D13: 0 | N13: 0 | O13: 2 | W13: 2 | X13: -2 | AF13: 0 | AG13: 1 | AO13: 1 | AP13: -1 | AV13: 0 | AW13: 2 | BC13: 1 | BD13: 0 | BE13: 0 | BF13: 0 | BJ13: 1 | BK13: 0 | BS13: -2 | BT13: 2 | BZ13: 0 | CA13: 1
B15: Melee | C15: Battlefield | M15: Melee | N15: Jungle Japes | V15: Melee | W15: Pokemon Stadium 2 | AE15: Melee | AF15: Bridge of Eldin | AN15: Melee | AO15: New Pork City | AU15: Melee | AV15: Golden Plains | BB15: Melee | BC15: Arena Ferox | BI15: Melee | BJ15: Mario Galaxy | BR15: Melee | BS15: Town and City | BY15: Melee | BZ15: PAC-LAND | CI15: Melee | CJ15: Mementos | CP15: Melee | CQ15: Fourside
B16: 1 | C16: Joker - W | D16: Lucas | M16: 1 | N16: DK - W | O16: Mewtwo | V16: 1 | W16: Olimar | X16: King K. Rool - W | AE16: 1 | AF16: Isabelle | AG16: Olimar - W | AN16: 1 | AO16: Dark Samus | AP16: DK - W | AU16: 1 | AV16: Wolf - W | AW16: Isabelle | BB16: 1 | BC16: Ganondorf - W | BD16: Greninja | BI16: 1 | BJ16: Daisy | BK16: Mewtwo - W | BR16: 1 | BS16: Mr. Game & Watch | BT16: Isabelle - W | BY16: 1 | BZ16: Greninja | CA16: DK - W | CI16: 1 | CP16: 1
C17: 1 | D17: 0 | N17: 2 | O17: 0 | W17: 0 | X17: 2 | AF17: 0 | AG17: 1 | AO17: 0 | AP17: 2 | AV17: 1 | AW17: 0 | BA17: 0% Match | BC17: 3 | BD17: 0 | BJ17: 0 | BK17: 2 | BS17: 0 | BT17: 1 | BZ17: 0 | CA17: 2
B18: 2 | C18: Mewtwo | D18: Incineroar - W | M18: 2 | N18: Lucas - W | O18: Olimar | V18: 2 | W18: Lucario | X18: Mewtwo - W | AE18: 2 | AF18: Lucario - W | AG18: Duck Hunt | AN18: 2 | AO18: Bayonetta | AP18: Cloud - W | AU18: 2 | AV18: Greninja - W | AW18: Daisy | BB18: 2 | BC18: Lucina | BD18: Lucas - W | BI18: 2 | BJ18: Ridley - W | BK18: Isabelle | BR18: 2 | BS18: Lucina - W | BT18: Greninja | BY18: 2 | BZ18: Ridley - W | CA18: Mr. Game & Watch | CI18: 2 | CP18: 2
C19: 0 | D19: 1 | N19: 2 | O19: 0 | W19: 0 | X19: 3 | AF19: 1 | AG19: 0 | AO19: 0 | AP19: 2 | AV19: 2 | AW19: 0 | BC19: 0 | BD19: 1 | BJ19: 3 | BK19: 0 | BS19: 2 | BT19: 0 | BZ19: 1 | CA19: 0
B20: 3 | C20: Pit - W | D20: Lucina | M20: 3 | N20: Joker - W | O20: Lucina | V20: 3 | W20: Lucina | X20: Lucas - W | AD20: Spot in MITB | AE20: 3 | AF20: Diddy Kong - W | AG20: Corrin | AN20: 3 | AO20: Pit | AP20: Dark Pit - W | AU20: 3 | AV20: Pirahna Plant | AW20: Richter Belmont - W | BB20: 3 | BC20: Incineroar - W | BD20: King K. Rool | BI20: 3 | BJ20: Richter Belmont - W | BK20: Olimar | BR20: 3 | BS20: Yoshi - W | BT20: Olimar | BY20: 3 | BZ20: Zelda - W | CA20: Pirahna Plant | CI20: 3 | CP20: 3
C21: 1 | D21: 0 | N21: 1 | O21: 0 | W21: 0 | X21: 2 | AF21: 1 | AG21: 0 | AO21: 0 | AP21: 2 | AV21: 0 | AW21: 3 | BC21: 1 | BD21: 0 | BJ21: 3 | BK21: 0 | BS21: 2 | BT21: 0 | BZ21: 3 | CA21: 0
A22: Spot in Royal Rumble | B22: 4 | C22: Luigi - W | D22: Lucario | L22: #1 contender Special | M22: 4 | N22: Zelda | O22: Incineroar - W | V22: 4 | W22: Pit - W | X22: DK | AD22: Spot in MITB | AE22: 4 | AF22: Mewtwo - W | AG22: Dark Samus | AN22: 4 | AO22: Lucas | AP22: Joker - W | AT22: #1 contender Special | AU22: 4 | AV22: Mewtwo - W | AW22: DK | BA22: #16 seed | BB22: 4 | BC22: Bayonetta | BD22: Duck Hunt | BE22: Isabelle | BF22: Richter Belmont - W | BH22: Spot in Animal | BI22: 4 | BJ22: Lucina - W | BK22: Zelda | BQ22: #1 contender Animal | BR22: 4 | BS22: Richet Belmont | BT22: Mewtwo - W | BY22: 4 | BZ22: Wolf - W | CA22: Dark Pit | CI22: 4 | CP22: 4
A23: Absolute beatdown | C23: 3 | D23: 0 | L23: Chaos Match | N23: 0 | O23: 0 | W23: 1 | X23: 0 | AF23: 1 | AG23: 0 | AO23: 0 | AP23: 1 | AT23: 300% match | AV23: 3 | AW23: 0 | BC23: 0 | BD23: 0 | BE23: 0 | BF23: 1 | BJ23: 2 | BK23: 0 | BS23: 0 | BT23: 1 | BZ23: 2 | CA23: 0
A24: #1 contender Animal | B24: 5 | C24: Diddy Kong - W | D24: Corrin | M24: 5 | N24: Pit - W | O24: Diddy Kong | U24: #1 contender Special | V24: 5 | W24: Yoshi - W | X24: Ridley | AD24: #1 contender Animal | AE24: 5 | AF24: Zelda | AG24: Lucina - W | AM24: #1 contender Animal | AN24: 5 | AO24: Mewtwo | AP24: King K. Rool - W | AU24: 5 | AV24: Ness - W | AW24: Link | BA24: #15 seed | BB24: 5 | BC24: Olimar - W | BD24: Pirahna Plant | BE24: Daisy | BF24: Zelda | BH24: Spot in Melee | BI24: 5 | BJ24: Ganondorf - W | BK24: Mr. Game & Watch | BR24: 5 | BS24: Cloud | BT24: Ganondorf - W | BY24: 5 | BZ24: Ganondorf - W | CA24: Cloud | CI24: 5 | CP24: 5
C25: 1 | D25: 0 | N25: 2 | O25: 0 | U25: Flower Match | W25: 2 | X25: 0 | AF25: 0 | AG25: 1 | AO25: 0 | AP25: 2 | AV25: 2 | AW25: 0 | BC25: 1 | BD25: 0 | BE25: 0 | BF25: 0 | BJ25: 3 | BK25: 0 | BS25: 0 | BT25: 1 | BZ25: 1 | CA25: 0
B27: Ultimate | C27: Peach's Castle | M27: Ultimate | N27: Great Bay | V27: Ultimate | W27: Onett | AE27: Ultimate | AF27: Norfair | AN27: Ultimate | AO27: Skyworld | AU27: Ultimate | AV27: Paper Mario | BB27: Ultimate | BC27: Reset Bomb Forest | BI27: Ultimate | BJ27: Mario Circuit | BR27: Ultimate | BS27: Wii Fit Studio | BY27: Ultimate | BZ27: Super Mario Maker | CI27: Ultimate | CJ27: Summit | CP27: Ultimate | CQ27: Jungle Japes
B28: 1 | C28: Peach | D28: Pac-Man - W | M28: 1 | N28: Pichu | O28: Sheik - W | V28: 1 | W28: Sheik | X28: Greninja - W | AD28: Battle of the Career Winless | AE28: 1 | AF28: Pichu | AG28: Pirahna Plant - W | AN28: 1 | AO28: Inkling | AP28: Villager - W | AU28: 1 | AV28: Chrom - W | AW28: Meta Knight | BB28: 1 | BC28: Ike - W | BD28: Snake | BI28: 1 | BJ28: Meta Knight | BK28: Wii Fit Trainer - W | BR28: 1 | BS28: Ice Climbers - W | BT28: Little Mac | BY28: 1 | BZ28: Inkling - W | CA28: Snake | CI28: 1 | CP28: 1
C29: 0 | D29: 2 | N29: 0 | O29: 2 | W29: 0 | X29: 2 | AF29: 0 | AG29: 3 | AO29: 0 | AP29: 1 | AV29: 1 | AW29: 0 | BC29: 2 | BD29: 0 | BJ29: 0 | BK29: 1 | BS29: 3 | BT29: 0 | BZ29: 1 | CA29: 0
B30: 2 | C30: Pirahna Plant | D30: Villager - W | M30: 2 | N30: Ness - W | O30: Inkling | V30: 2 | W30: Shulk - W | X30: Pac-Man | AE30: 2 | AF30: Mega Man | AG30: King Dedede - W | AN30: 2 | AO30: Bowser - W | AP30: Little Mac | AU30: 2 | AV30: ROB | AW30: Captain Falcon - W | BB30: 2 | BC30: Mega Man - W | BD30: Wii Fit Trainer | BI30: 2 | BJ30: Pac-Man - W | BK30: Lucario | BR30: 2 | BS30: Pikachu | BT30: Meta Knight - W | BY30: 2 | BZ30: Fox - W | CA30: Little Mac | CI30: 2 | CP30: 2
C31: 0 | D31: 3 | N31: 2 | O31: 0 | W31: 2 | X31: 0 | AF31: 0 | AG31: 2 | AO31: 2 | AP31: 0 | AV31: 0 | AW31: 1 | BC31: 2 | BD31: 0 | BJ31: 1 | BK31: 0 | BS31: 0 | BT31: 1 | BZ31: 1 | CA31: 0
B32: 3 | C32: Mega Man | D32: Snake - W | M32: 3 | N32: Young Link | O32: Dr. Mario - W | V32: 3 | W32: Pikachu - W | X32: Little Mac | AD32: Spot in MITB | AE32: 3 | AF32: Chrom - W | AG32: Snake | AN32: 3 | AO32: Pikachu - W | AP32: Greninja | AU32: 3 | AV32: Lucario - W | AW32: Ice Climbers | BB32: 3 | BC32: ROB - W | BD32: Lucario | BI32: 3 | BJ32: Joker - W | BK32: Ice Climbers | BQ32: #1 Contender Chaos | BR32: 3 | BS32: Mega Man - W | BT32: Wii Fit Trainer | BY32: 3 | BZ32: Mega Man - W | CA32: Meta Knight | CI32: 3 | CP32: 3
C33: 0 | D33: 1 | N33: 0 | O33: 2 | W33: 1 | X33: 0 | AF33: 1 | AG33: 0 | AO33: 2 | AP33: 0 | AV33: 1 | AW33: 0 | BC33: 1 | BD33: 0 | BJ33: 1 | BK33: 0 | BS33: 0 | BT33: 0 | BZ33: 2 | CA33: 0
A34: #1 contender Monster | B34: 4 | C34: Dr. Mario | D34: Shulk - W | M34: 4 | N34: Captain Falcon | O34: Greninja - W | V34: 4 | W34: Ike | X34: Young Link - W | AD34: Spot in MITB | AE34: 4 | AF34: Greninja | AG34: Shulk - W | AN34: 4 | AO34: Ike - W | AP34: Chrom | AU34: 4 | AV34: Pit | AW34: Fox - W | BA34: #16 seed | BB34: 4 | BC34: Peach | BD34: Inkling | BE34: Little Mac | BF34: Fox - W | BH34: Spot in Monster | BI34: 4 | BJ34: Ken - W | BK34: Snake | BR34: 4 | BS34: Erdrick - W | BT34: ROB | BY34: 4 | BZ34: Ike - W | CA34: Roy | CI34: 4 | CP34: 4
C35: 0 | D35: 1 | N35: 0 | O35: 1 | W35: 0 | X35: 1 | AD35: 3 -1 Comeback | AF35: 0 | AG35: 1 | AO35: 1 | AP35: 0 | AV35: 0 | AW35: 1 | BC35: 0 | BD35: 0 | BE35: 0 | BF35: 1 | BJ35: 1 | BK35: 0 | BS35: 2 | BT35: 0 | BZ35: 1 | CA35: 0
A36: Spot in Royal Rumble | B36: 5 | C36: Ness - W | D36: Roy | L36: #1 Contender Chaos | M36: 5 | N36: Pac-Man | O36: Bowser - W | U36: #1 contender Ultimate | V36: 5 | W36: Ness | X36: King Dedede - W | AD36: #1 Contender Monster | AE36: 5 | AF36: Mr. Game & Watch - W | AG36: Young Link | AM36: #1 contender Chaos | AN36: 5 | AO36: Roy - W | AP36: Captain Falcon | AT36: #1 Contender Chaos | AU36: 5 | AV36: Joker - W | AW36: Ike | BA36: #15 seed | BB36: 5 | BC36: Meta Knight - W | BD36: Ice Climbers | BE36: Pac-Man | BF36: Villager | BH36: Spot in Ultimate | BI36: 5 | BJ36: Erdrick - W | BK36: Pit | BR36: 5 | BS36: Joker | BT36: Mario - W | BX36: #1 contender Ultimate | BY36: 5 | BZ36: Mario | CA36: Erdrick - W | CI36: 5 | CP36: 5
C37: 2 | D37: 0 | N37: -2 | O37: 2 | W37: 0 | X37: 1 | AF37: 1 | AG37: 0 | AO37: 2 | AP37: -2 | AV37: 1 | AW37: -1 | BC37: 2 | BD37: 0 | BE37: 0 | BF37: 0 | BJ37: 2 | BK37: 0 | BS37: 0 | BT37: 2 | BZ37: 0 | CA37: 2
B39: Brawl | C39: Saffron City | M39: Brawl | N39: Yoshi's Story | V39: Brawl | W39: Fourside | AE39: Brawl | AF39: Lylat Cruise | AN39: Brawl | AO39: Spear Pillar | AU39: Brawl | AV39: Gerudo Valley | BB39: Brawl | BC39: Tortimer Island | BI39: Brawl | BJ39: Skyloft | BR39: Brawl | BS39: Gaur Plain | BY39: Brawl | BZ39: Suzaku Castle | CI39: Brawl | CJ39: Big Blue | CP39: Brawl | CQ39: Figure -8 Circuit
B40: 1 | C40: Kirby - W | D40: Rosalina & Luma | M40: 1 | N40: Wolf | O40: Rosalina & Luma - W | V40: 1 | W40: Wii Fit Trainer - W | X40: Richter Belmont | AE40: 1 | AF40: Bowser Jr. | AG40: Wario - W | AN40: 1 | AO40: Sonic - W | AP40: Richter Belmont | AU40: 1 | AV40: Young Link | AW40: Toon Link - W | BB40: 1 | BC40: Robin - W | BD40: Ryu | BI40: 1 | BJ40: Toon Link | BK40: Corrin - W | BR40: 1 | BS40: Samus | BT40: Sonic - W | BX40: #1 Contender Human | BY40: 1 | BZ40: Simon Belmont - W | CA40: Diddy Kong | CI40: 1 | CP40: 1
C41: 2 | D41: 0 | N41: 0 | O41: 1 | W41: 2 | X41: 0 | AF41: 0 | AG41: 1 | AO41: 1 | AP41: 0 | AV41: 0 | AW41: 3 | BC41: 2 | BD41: 0 | BJ41: 0 | BK41: 1 | BS41: 0 | BT41: 2 | BZ41: 1 | CA41: 0
B42: 2 | C42: Pokemon Trainer | D42: Ice Climbers - W | M42: 2 | N42: Bowser Jr. - W | O42: Jigglypuff | V42: 2 | W42: Ken | X42: Sonic - W | AD42: #1 Contender Tag | AE42: 2 | AF42: Fox - W | AG42: Falco - W | AH42: Bayonetta | AI42: Inkling | AN42: 2 | AO42: Pokemon Trainer - W | AP42: Fox | AU42: 2 | AV42: Simon Belmont | AW42: Kirby - W | BA42: #14 & #13 | BB42: 2 | BC42: Pokemon Trainer | BD42: Ken - W | BH42: Spot in Hardcore | BI42: 2 | BJ42: Falco | BK42: Palutena - W | BQ42: #1 Contender Human | BR42: 2 | BS42: Bowser - W | BT42: Dark Samus | BY42: 2 | BZ42: Young Link - W | CA42: Rosalina & Luma | CI42: 2 | CP42: 2
C43: 0 | D43: 2 | N43: 1 | O43: 0 | W43: 0 | X43: 3 | AF43: 1 | AG43: 2 | AH43: 0 | AI43: 0 | AO43: 3 | AP43: 0 | AV43: 0 | AW43: 1 | BC43: 0 | BD43: 1 | BJ43: 0 | BK43: 0 | BS43: 2 | BT43: 0 | BZ43: 2 | CA43: 0
A44: #1 Contender Human | B44: 3 | C44: Falco - W | D44: Richter Belmont | L44: Spot in Pokeball | M44: 3 | N44: Simon Belmont - W | O44: Richter Belmont | V44: 3 | W44: Kirby | X44: Robin - W | AD44: Spot in MITB | AE44: 3 | AF44: Ken | AG44: ROB - W | AN44: 3 | AO44: Jigglypuff | AP44: Samus - W | AU44: 3 | AV44: Sheik - W | AW44: Pichu | BA44: #12 & #11 | BB44: 3 | BC44: Falco | BD44: Simon Belmont - W | BH44: Spot in Tag | BI44: 3 | BJ44: Simon Belmont - W | BK44: Richter Belmont - W | BL44: Wario | BM44: Young Link | BR44: 3 | BS44: Ryu | BT44: Pokemon Trainer - W | BY44: 3 | BZ44: Sonic - W | CA44: Dr. Mario | CI44: 3 | CP44: 3
C45: 2 | D45: 0 | N45: 1 | O45: 0 | W45: 0 | X45: 2 | AF45: 0 | AG45: 3 | AO45: 0 | AP45: 3 | AV45: 1 | AW45: 0 | BC45: 0 | BD45: 2 | BJ45: 1 | BK45: 1 | BL45: 0 | BM45: 0 | BS45: 0 | BT45: 1 | BZ45: 1 | CA45: 0
B46: 4 | C46: Ryu | D46: Sonic - W | M46: 4 | N46: Ken - W | O46: Wario | V46: 4 | W46: Fox | X46: Link - W | AD46: Spot in MITB | AE46: 4 | AF46: Richter Belmont | AG46: Sonic - W | AN46: 4 | AO46: Ryu | AP46: Wii Fit Trainer - W | AU46: 4 | AV46: Bowser Jr. | AW46: Corrin - W | BA46: #10 & #9 | BB46: 4 | BC46: Palutena | BD46: Dark Samus - W | BH46: Spot in Human | BI46: 4 | BJ46: Pokemon Trainer | BK46: Sonic - W | BR46: 4 | BS46: Marth | BT46: Robin - W | BY46: 4 | BZ46: Falco - W | CA46: Pokemon Trainer | CI46: 4 | CP46: 4
C47: 0 | D47: 1 | N47: 1 | O47: 0 | W47: 0 | X47: 2 | AF47: 0 | AG47: 2 | AO47: 0 | AP47: 3 | AV47: 0 | AW47: 1 | BC47: 0 | BD47: 1 | BJ47: 0 | BK47: 2 | BS47: 0 | BT47: 1 | BZ47: 1 | CA47: 0
A48: Spot in Royal Rumble | B48: 5 | C48: Wario | D48: Link - W | L48: #1 Contender Hardcore | M48: 5 | N48: Marth | O48: Palutena - W | U48: #1 Contender Human | V48: 5 | W48: Falco | X48: Marth - W | AD48: #1 Contender Brawl | AE48: 5 | AF48: Toon Link - W | AG48: Link | AM48: #1 Contender Human | AN48: 5 | AO48: Palutena | AP48: Ken - W | AT48: #1 contender Brawl | AU48: 5 | AV48: Luigi | AW48: Wario - W | AX48: Sonic | BA48: #2 seed | BB48: 5 | BC48: Samus | BD48: Toon Link - W | BE48: Wario | BH48: Spot in Brawl | BI48: 5 | BJ48: Captain Falcon | BK48: Dr. Mario - W | BR48: 5 | BS48: Kirby | BT48: Luigi - W | BX48: Spot in Smash Series | BY48: 5 | BZ48: Marth - W | CA48: Luigi | CI48: 5 | CP48: 5
C49: 0 | D49: 1 | N49: 0 | O49: 0 | W49: 0 | X49: 1 | AD49: Loser goes to MITB | AF49: 2 | AG49: 0 | AO49: 0 | AP49: 1 | AV49: 0 | AW49: 1 | AX49: 0 | BC49: 0 | BD49: 1 | BE49: 0 | BJ49: 0 | BK49: 1 | BS49: 0 | BT49: 2 | BZ49: 2 | CA49: 0
B51: Melee | C51: Super Happy Tree | M51: Melee | N51: Brinstar | V51: Melee | W51: Brinstar Depths | AE51: Melee | AF51: Yoshi's Island (Brawl) | AN51: Melee | AO51: Luigi's Mansion | AU51: Melee | AV51: Spirit Train | BB51: Melee | BC51: Balloon Fight | BI51: Melee | BJ51: The Great Cave Offensive | BR51: Melee | BS51: Duck Hunt | BY51: Melee | BZ51: Midgar | CI51: Melee | CJ51: Fountain of Dreams | CP51: Melee | CQ51: Pilotwings
B52: 1 | C52: Zelda - W | D52: Duck Hunt | M52: 1 | N52: Ganondorf - W | O52: Bayonetta | V52: 1 | W52: Ridley - W | X52: Corrin | AE52: 1 | AF52: Isabelle - W | AG52: Bayonetta | AN52: 1 | AO52: Duck Hunt - W | AP52: Bayonetta | AU52: 1 | AV52: Lucina - W | AW52: Bayonetta | BB52: 1 | BC52: Wolf | BD52: Richter Belmont - W | BI52: 1 | BJ52: Duck Hunt | BK52: King K. Rool - W | BR52: 1 | BS52: Pirahna Plant | BT52: Duck Hunt - W | BY52: 1 | BZ52: Bayonetta | CA52: Ness - W | CI52: 1 | CP52: 1
C53: 2 | D53: 0 | N53: 3 | O53: 0 | W53: 3 | X53: 0 | AF53: 1 | AG53: 0 | AO53: 2 | AP53: 0 | AV53: 2 | AW53: 0 | BC53: 0 | BD53: 2 | BJ53: 0 | BK53: 2 | BS53: 0 | BT53: 1 | BZ53: 0 | CA53: 3
B54: 2 | C54: Bayonetta | D54: Isabelle - W | L54: #1 Contender Tag | M54: 2 | N54: Rildey - W | O54: Dark Samus - W | P54: Villager | Q54: Isabelle | V54: 2 | W54: Isabelle - W | X54: Duck Hunt | AE54: 2 | AF54: Corrin | AG54: Zelda - W | AN54: 2 | AO54: Olimar | AP54: Diddy Kong - W | AU54: 2 | AV54: Wolf - W | AW54: Lucas | BA54: #14 & #13 | BB54: 2 | BC54: Mewtwo - W | BD54: Greninja | BI54: 2 | BJ54: Wolf - W | BK54: Bayonetta | BR54: 2 | BS54: DK - W | BT54: King K. Rool | BY54: 2 | BZ54: Lucina - W | CA54: King K. Rool | CI54: 2 | CP54: 2
C55: 0 | D55: 1 | N55: 0 | O55: 1 | P55: 0 | Q55: 0 | W55: 1 | X55: 0 | AF55: 0 | AG55: 2 | AO55: 0 | AP55: 1 | AV55: 1 | AW55: 0 | BC55: 2 | BD55: 0 | BJ55: 3 | BK55: 0 | BS55: 3 | BT55: 0 | BZ55: 2 | CA55: 0
B56: 3 | C56: Dark Samus | D56: Yoshi - W | M56: 3 | N56: Cloud - W | O56: Lucario | V56: 3 | W56: Bayonetta | X56: Meta Knight - W | AD56: Spot in MITB | AE56: 3 | AF56: Meta Knight | AG56: Pit - W | AM56: #1 contender Tag | AN56: 3 | AO56: Snake | AP56: Chrom | AQ56: Greninja - W | AR56: Lucario - W | AT56: Purification Match | AU56: 3 | AV56: Zelda | AW56: Link - W | BA56: #12 & #11 | BB56: 3 | BC56: King K. Rool | BD56: Lucina - W | BH56: Spot in Tag | BI56: 3 | BJ56: Meta Knight - W | BK56: Snake - W | BL56: Pirahna Plant | BM56: Daisy | BQ56: #1 contender Tag | BR56: 3 | BS56: Meta Knight - W | BT56: Snake - W | BU56: Young Link | BV56: Inkling | BY56: 3 | BZ56: Isabelle - W | CA56: Olimar | CI56: 3 | CP56: 3
C57: 0 | D57: 1 | N57: 2 | O57: 0 | W57: 0 | X57: 3 | AF57: 0 | AG57: 2 | AO57: 0 | AP57: 0 | AQ57: 0 | AR57: 1 | AT57: Failed | AV57: 0 | AW57: 1 | BC57: 0 | BD57: 1 | BJ57: 1 | BK57: 1 | BL57: 0 | BM57: 0 | BS57: 1 | BT57: 2 | BU57: 0 | BV57: 0 | BZ57: 3 | CA57: 0
A58: Spot in Royal Rumble | B58: 4 | C58: Incineroar | D58: Joker - W | L58: #1 contender Animal | M58: 4 | N58: Lucina - W | O58: Meta Knight | U58: #1 contender Animal | V58: 4 | W58: Lucas - W | X58: King K. Rool | AD58: Spot in MITB | AE58: 4 | AF58: Joker | AG58: Yoshi - W | AN58: 4 | AO58: Luigi - W | AP58: Lucina | AU58: 4 | AV58: Greninja | AW58: Richter Belmont - W | BA58: #10 & #9 | BB58: 4 | BC58: DK | BD58: Ridley - W | BH58: Spot in Special | BI58: 4 | BJ58: Richter Belmont - W | BK58: Greninja | BQ58: #1 contender Special | BR58: 4 | BS58: Lucina | BT58: Ridley - W | BX58: #1 contender Animal | BY58: 4 | BZ58: DK - W | CA58: Dark Pit | CI58: 4 | CP58: 4
C59: 0 | D59: 2 | L59: was at 113% with Waluigi out helping MK | N59: 1 | O59: 0 | W59: 2 | X59: 0 | AF59: 0 | AG59: 1 | AO59: 1 | AP59: 0 | AV59: 0 | AW59: 1 | BC59: 0 | BD59: 2 | BH59: Hardcore Match | BJ59: 1 | BK59: 0 | BQ59: Chaos Match | BS59: -2 | BT59: 2 | BX59: Great comeback | BZ59: 1 | CA59: 0
A60: #1 contender Melee | B60: 5 | C60: Pit - W | D60: DK | M60: 5 | N60: Luigi | O60: Joker - W | U60: #1 contender Melee | V60: 5 | W60: Cloud - W | X60: Pit | AD60: #1 contender Melee | AE60: 5 | AF60: Cloud | AG60: Luigi - W | AM60: #1 contender Special | AN60: 5 | AO60: Zelda - W | AP60: Meta Knight | AU60: 5 | AV60: Cloud | AW60: Dark Pit - W | BA60: #2 seed | BB60: 5 | BC60: Cloud - W | BD60: Ness | BE60: Dark Pit | BH60: Spot in Melee | BI60: 5 | BJ60: Ness - W | BK60: DK | BR60: 5 | BS60: Ness - W | BT60: Link | BX60: #1 contender Melee | BY60: 5 | BZ60: Ganondorf | CA60: Wolf - W | CI60: 5 | CP60: 5
C61: 2 | D61: 0 | N61: 0 | O61: 2 | W61: 2 | X61: 0 | AF61: 0 | AG61: 1 | AM61: Chaos Match | AO61: 1 | AP61: -1 | AV61: 0 | AW61: 1 | BC61: 1 | BD61: 0 | BE61: 0 | BJ61: 2 | BK61: 0 | BS61: 2 | BT61: 0 | BZ61: 0 | CA61: 2
B63: Ultimate | C63: Dream Land | M63: Ultimate | N63: Yoshi's Island (Melee) | V63: Ultimate | W63: Big Blue | AE63: Ultimate | AF63: Halberd | AN63: Ultimate | AO63: Pirate Ship | AU63: Ultimate | AV63: Dream Land GB | BB63: Ultimate | BC63: Living Room | BI63: Ultimate | BJ63: Kalos Pokemon League | BR63: Ultimate | BS63: Wrecking Crew | BY63: Ultimate | BZ63: Umbra Clock Tower | CI63: Ultimate | CJ63: Skyloft | CP63: Ultimate | CQ63: Prism Tower
B64: 1 | C64: Bowser - W | D64: Little Mac | M64: 1 | N64: Little Mac - W | O64: Mega Man | V64: 1 | W64: Mega Man - W | X64: Villager | AE64: 1 | AF64: Peach | AG64: Sheik - W | AN64: 1 | AO64: Pirahna Plant | AP64: Peach - W | AU64: 1 | AV64: Inkling - W | AW64: Villager | BB64: 1 | BC64: Mario | BD64: Chrom - W | BI64: 1 | BJ64: Little Mac - W | BK64: Peach | BR64: 1 | BS64: Fox - W | BT64: Little Mac | BY64: 1 | BZ64: Villager | CA64: Lucario - W | CI64: 1 | CP64: 1
C65: 3 | D65: 0 | N65: 2 | O65: 0 | W65: 1 | X65: 0 | AF65: 0 | AG65: 1 | AO65: 0 | AP65: 1 | AV65: 1 | AW65: 0 | BC65: 0 | BD65: 1 | BJ65: 3 | BK65: 0 | BS65: 1 | BT65: 0 | BZ65: 0 | CA65: 2
B66: 2 | C66: Greninja | D66: Inkling - W | M66: 2 | N66: Pirahna Plant | O66: Snake - W | U66: #1 Contender Tag | V66: 2 | W66: Bowser - W | X66: Bowser Jr. - W | Y66: Inkling | Z66: Sheik | AE66: 2 | AF66: Villager | AG66: Young Link - W | AN66: 2 | AO66: Sheik | AP66: Mario - W | AU66: 2 | AV66: Shulk - W | AW66: Pac-Man | BA66: #14 & #13 | BB66: 2 | BC66: Snake | BD66: Wii Fit Trainer - W | BI66: 2 | BJ66: Inkling | BK66: Shulk - W | BR66: 2 | BS66: Inkling | BT66: Ken - W | BY66: 2 | BZ66: Ice Climbers - W | CA66: Peach | CI66: 2 | CP66: 2
C67: 0 | D67: 1 | N67: 0 | O67: 2 | W67: 1 | X67: 2 | Y67: 0 | Z67: 0 | AF67: 0 | AG67: 1 | AO67: 0 | AP67: 2 | AV67: 2 | AW67: 0 | BC67: 0 | BD67: 1 | BJ67: 0 | BK67: 1 | BS67: 0 | BT67: 1 | BZ67: 1 | CA67: 0
B68: 3 | C68: Chrom - W | D68: Pichu | M68: 3 | N68: Mr. Game & Watch - W | O68: Sheik | V68: 3 | W68: Captain Falcon - W | X68: Snake | AD68: Spot in MITB | AE68: 3 | AF68: Ness | AG68: Pac-Man - W | AN68: 3 | AO68: Young Link | AP68: Snake - W | AT68: #1 Contender Monster | AU68: 3 | AV68: Chrom - W | AW68: Lucario | BA68: #12 & #11 | BB68: 3 | BC68: Lucario - W | BD68: Captain Falcon | BH68: Spot in Monster | BI68: 3 | BJ68: Lucario - W | BK68: Wii Fit Trainer | BR68: 3 | BS68: Ike - W | BT68: Pit | BX68: #1 Contender Tag | BY68: 3 | BZ68: Pit - W | CA68: Dark Pit - W | CB68: Fox | CC68: Mr. Game & Watch | CI68: 3 | CP68: 3
C69: 2 | D69: 0 | N69: 1 | O69: 0 | W69: 2 | X69: 0 | AF69: 0 | AG69: 1 | AO69: 0 | AP69: 1 | AV69: 1 | AW69: 0 | BC69: 1 | BD69: 0 | BJ69: 1 | BK69: 0 | BS69: 3 | BT69: 0 | BZ69: 2 | CA69: 2 | CB69: 0 | CC69: 0
A70: Spot in Royal Rumble | B70: 4 | C70: Pikachu - W | D70: Young Link | L70: Spot in Pokeball | M70: 4 | N70: Chrom - W | O70: Young Link | U70: Spot in Smash Bros. | V70: 4 | W70: Mr. Game & Watch | X70: Shulk - W | AD70: Spot in MITB | AE70: 4 | AF70: Ike - W | AG70: Inkling | AN70: 4 | AO70: Ness - W | AP70: Villager | AU70: 4 | AV70: Roy - W | AW70: Pikachu | BA70: #10 & #9 | BB70: 4 | BC70: Pit | BD70: Pikachu - W | BH70: Spot in Chaos | BI70: 4 | BJ70: Pit - W | BK70: Fox | BQ70: #1 contender Monster | BR70: 4 | BS70: Meta Knight | BT70: Ice Climbers | BU70: Lucario - W | BX70: #1 Contender Chaos | BY70: 4 | BZ70: Mega Man - W | CA70: Ken | CB70: Wii Fit Trainer | CI70: 4 | CP70: 4
C71: 2 | D71: 0 | N71: 2 | O71: 0 | W71: 0 | X71: 2 | AF71: 3 | AG71: 0 | AO71: 2 | AP71: 0 | AV71: 1 | AW71: 0 | BC71: 0 | BD71: 1 | BJ71: 4 | BK71: -4 | BS71: 0 | BT71: 0 | BU71: 1 | BZ71: 2 | CA71: -2 | CB71: 0
A72: #1 Contender Ultimate | B72: 5 | C72: Mario | D72: Ike - W | L72: #1 contender Ultimate | M72: 5 | N72: Pikachu | O72: Mario - W | U72: #1 Contender Chaos | V72: 5 | W72: Chrom - W | X72: Little Mac | Y72: Pac-Man | AD72: #1 contender Ultimate | AE72: 5 | AF72: King Dedede - W | AG72: Bowser | AM72: #1 contender Ultimate | AN72: 5 | AO72: King Dedede | AP72: Ike - W | AT72: #1 Contender Tag | AU72: 5 | AV72: Diddy Kong - W | AW72: DK - W | AX72: Meta Knight | AY72: Bowser | BA72: #2 seed | BB72: 5 | BC72: King Dedede | BD72: Dr. Mario | BE72: ROB - W | BH72: Spot in Ultimate | BI72: 5 | BJ72: ROB - W | BK72: Roy | BR72: 5 | BS72: Mario | BT72: Erdrick - W | BX72: Spot in Smash Series | BY72: 5 | BZ72: ROB | CA72: Joker - W | CI72: 5 | CP72: 5
C73: 0 | D73: 2 | N73: 0 | O73: 1 | W73: 5 | X73: -3 | Y73: -2 | AF73: 3 | AG73: 0 | AO73: 0 | AP73: 3 | AV73: 2 | AW73: 1 | AX73: 0 | AY73: 0 | BC73: 0 | BD73: 0 | BE73: 1 | BJ73: 1 | BK73: 0 | BS73: 0 | BT73: 1 | BZ73: 0 | CA73: 1
B75: Brawl | C75: Kongo Falls | M75: Brawl | N75: Venom | V75: Brawl | W75: WarioWare, Inc. | AE75: Brawl | AF75: Smashville | AN75: Brawl | AO75: 75m | AU75: Brawl | AV75: Unova Pokemon League | BB75: Brawl | BC75: Find Mii | BI75: Brawl | BJ75: Flat Zone 2 | BR75: Brawl | BS75: Pilotwings | BY75: Brawl | BZ75: New Donk City Hall | CI75: Brawl | CJ75: Pirate Ship | CP75: Brawl | CQ75: Mementos
A76: #1 Contender Tag | B76: 1 | C76: Pokemon Trainer | D76: Lucario | E76: Meta Knight - W | F76: Pac-Man - W | L76: Spot in Pokeball | M76: 1 | N76: Pokemon Trainer - W | O76: Ken | P76: Ryu | V76: 1 | W76: Rosalina & Luma | X76: Sonic - W | AE76: 1 | AF76: Kirby - W | AG76: Wii Fit Trainer | AN76: 1 | AO76: Robin - W | AP76: Bowser Jr. | AU76: 1 | AV76: Samus - W | AW76: Dark Samus | BB76: 1 | BC76: Young Link - W | BD76: Bowser Jr. | BH76: Spot in Human | BI76: 1 | BJ76: Corrin | BK76: Wario - W | BR76: 1 | BS76: Pokemon Trainer | BT76: Rosalina & Luma - W | BX76: #1 Contender Hardcore | BY76: 1 | BZ76: Bowser - W | CA76: Captain Falcon | CI76: 1 | CP76: 1
C77: 0 | D77: 0 | E77: 1 | F77: 2 | N77: 1 | O77: 0 | P77: 0 | W77: 0 | X77: 2 | AF77: 3 | AG77: 0 | AO77: 1 | AP77: 0 | AV77: 2 | AW77: 0 | BC77: 2 | BD77: 0 | BJ77: 0 | BK77: 1 | BS77: 0 | BT77: 1 | BZ77: 3 | CA77: -3
B78: 2 | C78: Bowser Jr. | D78: Daisy - W | M78: 2 | N78: ROB - W | O78: Wolf | V78: 2 | W78: Marth - W | X78: Pokemon Trainer | AD78: #1 Contender Hardcore | AE78: 2 | AF78: Robin - W | AG78: Ken | AN78: 2 | AO78: Fox | AP78: Wario - W | AU78: 2 | AV78: Jigglypuff | AW78: Pokemon Trainer - W | BB78: 2 | BC78: Marth | BD78: Sheik - W | BI78: 2 | BJ78: Marth - W | BK78: Rosalina & Luma | BR78: 2 | BS78: Falco | BT78: Dr. Mario - W | BY78: 2 | BZ78: Ryu - W | CA78: Pichu | CI78: 2 | CP78: 2
C79: 0 | D79: 1 | N79: 2 | O79: 0 | W79: 3 | X79: 0 | AF79: 1 | AG79: -1 | AO79: 0 | AP79: 2 | AV79: 0 | AW79: 1 | BC79: 0 | BD79: 1 | BJ79: 2 | BK79: 0 | BS79: 0 | BT79: 2 | BZ79: 2 | CA79: 0
A80: Spot in Royal Rumble | B80: 3 | C80: Sonic | D80: Simon Belmont - W | E80: Wolf | M80: 3 | N80: Falco | O80: Samus - W | U80: Spot in Hardcore | V80: 3 | W80: Ken | X80: Simon Belmont - W | AE80: 3 | AF80: Daisy - W | AG80: Pokemon Trainer | AN80: 3 | AO80: Falco - W | AP80: Wolf | AU80: 3 | AV80: Rosalina & Luma | AW80: Sonic | BA80: #8 & #7 | BB80: 3 | BC80: Diddy Kong - W | BD80: Bowser | BH80: Spot in Hardcore | BI80: 3 | BJ80: Bowser - W | BK80: Young Link | BR80: 3 | BS80: Diddy Kong | BT80: Bowser Jr. - W | BY80: 3 | BZ80: Wario | CA80: Palutena - W | CI80: 3 | CP80: 3
C81: 0 | D81: 1 | E81: 0 | N81: 0 | O81: 1 | U81: Great match, 5 KO's a piece, 1 assist trophy KO for Ken so he loses by 1 | W81: 0 | X81: 1 | AF81: 1 | AG81: 0 | AO81: 3 | AP81: 0 | AV81: 0 | AW81: 2 | BC81: 1 | BD81: 0 | BJ81: 1 | BK81: -1 | BS81: 0 | BT81: 1 | BZ81: 0 | CA81: 2
B82: 4 | C82: Ice Climbers - W | D82: Jigglypuff | M82: 4 | N82: Richter Belmont - W | O82: Kirby | U82: Spot in Smash Bros. | V82: 4 | W82: ROB - W | X82: Falco | AE82: 4 | AF82: Wolf - W | AG82: Rosalina & Luma | AN82: 4 | AO82: Link - W | AP82: Ryu | AU82: 4 | AV82: Robin - W | AW82: Bowser | BA82: #6 & #5 | BB82: 4 | BC82: Sonic | BD82: Luigi - W | BI82: 4 | BJ82: Samus - W | BK82: Dark Samus | BR82: 4 | BS82: Sonic - W | BT82: Dark Samus | BX82: Spot in Smash Series | BY82: 4 | BZ82: Robin | CA82: Samus - W | CI82: 4 | CP82: 4
C83: 1 | D83: 0 | N83: 1 | O83: 0 | W83: 2 | X83: 0 | AF83: 2 | AG83: 0 | AO83: 3 | AP83: 0 | AV83: 2 | AW83: 0 | BC83: 0 | BD83: 1 | BJ83: 3 | BK83: 0 | BS83: 3 | BT83: 0 | BZ83: 0 | CA83: 2
A84: #1 Contender Brawl | B84: 5 | C84: Marth | D84: Toon Link - W | L84: #1 Contender Brawl | M84: 5 | N84: Sonic | O84: Toon Link - W | U84: Spot in Smash Bros. | V84: 5 | W84: Samus | X84: Wario - W | AD84: Spot in MITB | AE84: 5 | AF84: Wario - W | AG84: Palutena | AM84: #1 Contender Brawl | AN84: 5 | AO84: Toon Link - W | AP84: ROB | AT84: #1 Contender Hardcore | AU84: 5 | AV84: Ken | AW84: Simon Belmont | AX84: Ryu - W | AY84: Falco - W | BA84: #3 & #4 | BB84: 5 | BC84: Wario | BD84: Samus - W | BH84: Spot in Brawl | BI84: 5 | BJ84: Diddy Kong | BK84: Luigi - W | BQ84: #1 Contender Brawl | BR84: 5 | BS84: Luigi | BT84: Robin - W | BX84: #1 Contender Brawl | BY84: 5 | BZ84: Kirby - W | CA84: Sonic | CI84: 5 | CP84: 5
A85: Great Match, Toon Link survives Marth's multiple assist trophies on field | C85: 0 | D85: 1 | N85: 0 | O85: 1 | W85: 0 | X85: 2 | AF85: 1 | AG85: 0 | AO85: 2 | AP85: 0 | AT85: Winners make Triple Threat at SS | AV85: -1 | AW85: -1 | AX85: 2 | AY85: 0 | BA85: amazing comeback down 3 -1 110% | BC85: 0 | BD85: 1 | BJ85: 0 | BK85: 1 | BS85: 0 | BT85: 1 | BZ85: 1 | CA85: 0
B87: Melee | C87: Mushroom Kingdom | M87: Melee | N87: Fountain of Dreams | V87: Melee | W87: Mushroomy Kingdom | AE87: Melee | AF87: Castle Siege | AN87: Melee | AO87: Mario Bros. | AU87: Melee | AV87: Prism Tower | BB87: Melee | BC87: Tomodachi Life | BI87: Melee | BJ87: Palutena's Temple | BR87: Melee | BS87: Wuhu Island | BY87: Melee | BZ87: Great Plateau Tower | CI87: Melee | CJ87: Luigi's Mansion | CP87: Melee | CQ87: Bridge of Eldin
B88: 1 | C88: Dark Pit - W | D88: Lucario | M88: 1 | N88: Yoshi - W | O88: Bayonetta | V88: 1 | W88: Dark Samus - W | X88: Lucario | AE88: 1 | AF88: Ganondorf - W | AG88: Corrin | AN88: 1 | AO88: Isabelle | AP88: King K. Rool - W | AU88: 1 | AV88: Yoshi - W | AW88: Pirahna Plant | BB88: 1 | BC88: Cloud - W | BD88: Pirahna Plant | BI88: 1 | BJ88: Cloud - W | BK88: Bayonetta | BR88: 1 | BS88: Lucas - W | BT88: DK | BY88: 1 | BZ88: Daisy | CA88: Lucas - W | CI88: 1 | CP88: 1
C89: 3 | D89: 0 | N89: 2 | O89: 0 | W89: 3 | X89: 0 | AF89: 2 | AG89: 0 | AO89: 0 | AP89: 2 | AV89: 3 | AW89: 0 | BC89: 2 | BD89: 0 | BJ89: 2 | BK89: 0 | BS89: 2 | BT89: 0 | BZ89: 0 | CA89: 1
B90: 2 | C90: Cloud - W | D90: Corrin | M90: 2 | N90: Dark Pit - W | O90: Duck Hunt | V90: 2 | W90: Zelda | X90: DK - W | AE90: 2 | AF90: Dark Pit - W | AG90: Meta Knight | AN90: 2 | AO90: Ganondorf - W | AP90: Diddy Kong | AU90: 2 | AV90: Incineroar - W | AW90: Duck Hunt | BB90: 2 | BC90: DK - W | BD90: Duck Hunt | BI90: 2 | BJ90: Greninja | BK90: Incineroar - W | BR90: 2 | BS90: Incineroar - W | BT90: Mr. Game & Watch | BY90: 2 | BZ90: Richter Belmont | CA90: Mewtwo - W | CI90: 2 | CP90: 2
C91: 2 | D91: 0 | N91: 3 | O91: 0 | W91: 0 | X91: 1 | AF91: 2 | AG91: 0 | AO91: 3 | AP91: 0 | AV91: 3 | AW91: 0 | BC91: 2 | BD91: 0 | BJ91: 0 | BK91: 1 | BS91: 1 | BT91: 0 | BZ91: 0 | CA91: 1
B92: 3 | C92: DK - W | D92: Lucina | L92: Spot in Pokeball Match | M92: 3 | N92: Lucas - W | O92: Meta Knight | V92: 3 | W92: Mewtwo - W | X92: Corrin | AD92: Spot in MITB | AE92: 3 | AF92: Ridley | AG92: Cloud - W | AN92: 3 | AO92: Ridley | AP92: Lucas - W | AU92: 3 | AV92: Ganondorf - W | AW92: King K. Rool | BA92: #8 & #7 | BB92: 3 | BC92: Mr. Game & Watch | BD92: Lucas - W | BH92: Spot in Special | BI92: 3 | BJ92: Mr. Game & Watch | BK92: Zelda - W | BQ92: Purification/Darkening Match | BR92: 3 | BS92: Zelda - W | BT92: Link | BX92: #1 contender Special | BY92: 3 | BZ92: Zelda - W | CA92: Lucina | CI92: 3 | CP92: 3
C93: 1 | D93: 0 | N93: 2 | O93: 0 | W93: 2 | X93: 0 | AF93: 0 | AG93: 1 | AO93: 0 | AP93: 2 | AV93: 1 | AW93: 0 | BC93: 0 | BD93: 3 | BH93: Hardcore Match | BJ93: -2 | BK93: 2 | BQ93: Link is purified. First time since season 1 | BS93: 1 | BT93: 0 | BX93: Mega Match | BZ93: 1 | CA93: 0
A94: #1 contender Special | B94: 4 | C94: Incineroar - W | D94: Ridley | L94: Spot in Pokeball Match | M94: 4 | N94: DK | O94: Corrin - W | U94: Spot in Smash Bros. | V94: 4 | W94: Diddy Kong | X94: Joker - W | AD94: Spot in MITB | AE94: 4 | AF94: DK | AG94: King K. Rool | AH94: Lucas - W | AN94: 4 | AO94: Luigi | AP94: Incineroar - W | AT94: #1 contender Animal | AU94: 4 | AV94: Wolf - W | AW94: Richter Belmont | BA94: #6 & #5 | BB94: 4 | BC94: Yoshi | BD94: Link - W | BH94: Spot in Animal | BI94: 4 | BJ94: Mewtwo - W | BK94: King K. Rool | BR94: 4 | BS94: Cloud - W | BT94: King K. Rool | BX94: Spot in Smash Series | BY94: 4 | BZ94: Ganondorf - W | CA94: Link | CI94: 4 | CP94: 4
A95: Hardcore Match | C95: 2 | D95: -2 | N95: 0 | O95: 2 | W95: 0 | X95: 2 | AF95: 0 | AG95: 0 | AH95: 1 | AO95: 0 | AP95: 2 | AV95: 2 | AW95: 0 | BC95: 0 | BD95: 2 | BJ95: 1 | BK95: 0 | BS95: 3 | BT95: 0 | BZ95: 2 | CA95: 0
B96: 5 | C96: Ganondorf - W | D96: Zelda | L96: #1 contender Melee | M96: 5 | N96: Pit - W | O96: Joker | U96: Spot in Smash Bros. | V96: 5 | W96: Lucas | X96: Luigi - W | AD96: #1 contender Special | AE96: 5 | AF96: Olimar | AG96: Lucario - W | AH96: Zelda | AM96: #1 Contender Melee | AN96: 5 | AO96: Dark Pit - W | AP96: Joker | AT96: #1 contender Melee | AU96: 5 | AV96: Ness - W | AW96: Dark Pit | BA96: #3 & #4 | BB96: 5 | BC96: Ness - W | BD96: Dark Pit | BH96: Spot in Melee | BI96: 5 | BJ96: Dark Pit | BK96: Link - W | BQ96: #1 contender Melee | BR96: 5 | BS96: Ganondorf - W | BT96: Ness | BX96: Spot in Smash Series | BY96: 5 | BZ96: Ness - W | CA96: Dark Pit | CI96: 5 | CP96: 5
C97: 2 | D97: 0 | N97: 3 | O97: 0 | W97: 0 | X97: 2 | AD97: Hardcore Match | AF97: -3 | AG97: 3 | AH97: 0 | AO97: 2 | AP97: 0 | AV97: 1 | AW97: 0 | BC97: 2 | BD97: 0 | BJ97: 0 | BK97: 2 | BS97: 2 | BT97: 0 | BZ97: 2 | CA97: 0
B99: Ultimate | C99: Princess Peach's Castle | M99: Ultimate | N99: Green Greens | V99: Ultimate | W99: Figure -8 Circuit | AE99: Ultimate | AF99: Distant Planet | AN99: Ultimate | AO99: Green Hill Zone | AU99: Ultimate | AV99: Mute City SNES | BB99: Ultimate | BC99: Pictochat 2 | BI99: Ultimate | BJ99: Gamer | BR99: Ultimate | BS99: Windy Hill Zone | BY99: Ultimate | BZ99: Moray Towers | CI99: Ultimate | CJ99: Onett | CP99: Ultimate | CQ99: New Pork City
B100: 1 | C100: Mr. Game & Watch - W | D100: Peach | M100: 1 | N100: Ike - W | O100: Mega Man | V100: 1 | W100: Inkling | X100: Young Link - W | AE100: 1 | AF100: Dr. Mario - W | AG100: Pichu | AN100: 1 | AO100: Mega Man - W | AP100: Pichu | AU100: 1 | AV100: Wii Fit Trainer - W | AW100: Peach | BB100: 1 | BC100: Chrom - W | BD100: Villager | BI100: 1 | BJ100: Chrom - W | BK100: Snake | BR100: 1 | BS100: Shulk - W | BT100: Fox | BY100: 1 | BZ100: Pac-Man - W | CA100: Villager | CI100: 1 | CP100: 1
C101: 2 | D101: 0 | N101: 2 | O101: 0 | W101: 0 | X101: 1 | AF101: 3 | AG101: 0 | AO101: 2 | AP101: 0 | AV101: 1 | AW101: 0 | BC101: 2 | BD101: 0 | BJ101: 2 | BK101: 0 | BS101: 2 | BT101: 0 | BZ101: 2 | CA101: 0
B102: 2 | C102: Sheik | D102: King Dedede - W | M102: 2 | N102: Pirahna Plant | O102: King Dedede - W | V102: 2 | W102: Mario - W | X102: Pirahna Plant | AE102: 2 | AF102: Villager | AG102: Mario - W | AN102: 2 | AO102: Mr. Game & Watch - W | AP102: Little Mac | AU102: 2 | AV102: Mega Man | AW102: Captain Falcon - W | BB102: 2 | BC102: Snake - W | BD102: Inkling | BI102: 2 | BJ102: Mega Man - W | BK102: Villager | BR102: 2 | BS102: Chrom - W | BT102: Wii Fit Trainer | BY102: 2 | BZ102: Chrom - W | CA102: Ken | CI102: 2 | CP102: 2
C103: 0 | D103: 3 | N103: 0 | O103: 2 | W103: 2 | X103: 0 | AF103: 0 | AG103: 2 | AO103: 2 | AP103: 0 | AV103: 0 | AW103: 1 | BC103: 1 | BD103: 0 | BJ103: 3 | BK103: 0 | BS103: 2 | BT103: 0 | BZ103: 3 | CA103: 0
B104: 3 | C104: Mario - W | D104: Little Mac | M104: 3 | N104: Villager - W | O104: Peach | V104: 3 | W104: Roy - W | X104: Villager | AD104: Spot in MITB | AE104: 3 | AF104: Captain Falcon - W | AG104: Bowser | AN104: 3 | AO104: Ike - W | AP104: Inkling | AU104: 3 | AV104: Snake | AW104: ROB - W | BA104: #8 & #7 | BB104: 3 | BC104: Ike - W | BD104: Joker | BI104: 3 | BJ104: King Dedede - W | BK104: Inkling | BR104: 3 | BS104: Joker - W | BT104: Ken | BY104: 3 | BZ104: Shulk - W | CA104: Little Mac | CI104: 3 | CP104: 3
C105: 2 | D105: 0 | N105: 1 | O105: 0 | W105: 3 | X105: 0 | AF105: 1 | AG105: 0 | AO105: 2 | AP105: 0 | AV105: 0 | AW105: 2 | BC105: 1 | BD105: 0 | BJ105: 3 | BK105: 0 | BS105: 2 | BT105: 0 | BZ105: 2 | CA105: 0
A106: #1 contender Chaos | B106: 4 | C106: Snake | D106: Roy - W | L106: Spot in Pokeball | M106: 4 | N106: Little Mac - W | O106: Greninja | U106: #1 contender Monster | V106: 4 | W106: Captain Falcon - W | X106: Greninja | AD106: Spot in MITB | AE106: 4 | AF106: Pikachu - W | AG106: Young Link | AN106: 4 | AO106: Pikachu - W | AP106: Pac-Man | AU106: 4 | AV106: Mario | AW106: Dr. Mario - W | BA106: #6 & #5 | BB106: 4 | BC106: Roy - W | BD106: Shulk | BH106: Spot in Chaos | BI106: 4 | BJ106: Pac-Man - W | BK106: Little Mac | BR106: 4 | BS106: Pac-Man - W | BT106: Peach | BX106: #1 Contender Monster | BY106: 4 | BZ106: Fox | CA106: Pikachu - W | CI106: 4 | CP106: 4
C107: 0 | D107: 1 | N107: 2 | O107: 0 | U107: Great match, comeback from Falcon | W107: 1 | X107: 0 | AF107: 3 | AG107: 0 | AO107: 2 | AP107: 0 | AV107: 0 | AW107: 2 | BC107: 1 | BD107: 0 | BJ107: 1 | BK107: -1 | BS107: 2 | BT107: 0 | BZ107: 0 | CA107: 1
A108: Spot in Royal Rumble | B108: 5 | C108: Bowser | D108: Chrom - W | L108: #1 contender Monster | M108: 5 | N108: Dr. Mario - W | O108: Snake | U108: Spot in Smash Bros. | V108: 5 | W108: Ness - W | X108: Pikachu | AD108: #1 Contender Chaos | AE108: 5 | AF108: Sheik | AG108: Little Mac | AH108: Mega Man - W | AM108: #1 contender Monster | AN108: 5 | AO108: Dr. Mario - W | AP108: Bowser | AT108: #1 Contender Ultimate | AU108: 5 | AV108: King Dedede - W | AW108: Roy | BA108: #3 & #4 | BB108: 5 | BC108: Dr. Mario | BD108: King Dedede - W | BH108: Spot in Ultimate | BI108: 5 | BJ108: Pikachu | BK108: Ike - W | BQ108: #1 contender Ultimate | BR108: 5 | BS108: King Dedede | BT108: Erdrick - W | BX108: Spot in Smash Series | BY108: 5 | BZ108: Ike - W | CA108: King Dedede | CI108: 5 | CP108: 5
...

Sheet Season 7 Stats
A1: Brawl Fighters | B1: W | C1: L
A2: Toon Link | B2: =COUNTIF('Season 7'!A:AAO, CONCATENATE(TRIM(A2), " ","-"," ","W*")) -> 16 | C2: =SUM(COUNTIF('Season 7'!A:AAO, TRIM(A2)), COUNTIF('Season 7'!A:AAO, TRIM(A2) & " (Defending)"), COUNTIF('Season 7'!A:AAO, TRIM(A2) & " (PL)"), , COUNTIF('Season 7'!A:AAO, TRIM(A2) & " (PL) (Defending)")) -> 5
A3: Robin | B3: =COUNTIF('Season 7'!A:AAO, CONCATENATE(TRIM(A3), " ","-"," ","W*")) -> 14 | C3: =SUM(COUNTIF('Season 7'!A:AAO, TRIM(A3)), COUNTIF('Season 7'!A:AAO, TRIM(A3) & " (Defending)"), COUNTIF('Season 7'!A:AAO, TRIM(A3) & " (PL)"), , COUNTIF('Season 7'!A:AAO, TRIM(A3) & " (PL) (Defending)")) -> 6
A4: Kirby | B4: =COUNTIF('Season 7'!A:AAO, CONCATENATE(TRIM(A4), " ","-"," ","W*")) -> 14 | C4: =SUM(COUNTIF('Season 7'!A:AAO, TRIM(A4)), COUNTIF('Season 7'!A:AAO, TRIM(A4) & " (Defending)"), COUNTIF('Season 7'!A:AAO, TRIM(A4) & " (PL)"), , COUNTIF('Season 7'!A:AAO, TRIM(A4) & " (PL) (Defending)")) -> 6
A5: Marth | B5: =COUNTIF('Season 7'!A:AAO, CONCATENATE(TRIM(A5), " ","-"," ","W*")) -> 13 | C5: =SUM(COUNTIF('Season 7'!A:AAO, TRIM(A5)), COUNTIF('Season 7'!A:AAO, TRIM(A5) & " (Defending)"), COUNTIF('Season 7'!A:AAO, TRIM(A5) & " (PL)"), , COUNTIF('Season 7'!A:AAO, TRIM(A5) & " (PL) (Defending)")) -> 7
A6: Samus | B6: =COUNTIF('Season 7'!A:AAO, CONCATENATE(TRIM(A6), " ","-"," ","W*")) -> 13 | C6: =SUM(COUNTIF('Season 7'!A:AAO, TRIM(A6)), COUNTIF('Season 7'!A:AAO, TRIM(A6) & " (Defending)"), COUNTIF('Season 7'!A:AAO, TRIM(A6) & " (PL)"), , COUNTIF('Season 7'!A:AAO, TRIM(A6) & " (PL) (Defending)")) -> 7
A7: Luigi | B7: =COUNTIF('Season 7'!A:AAO, CONCATENATE(TRIM(A7), " ","-"," ","W*")) -> 12 | C7: =SUM(COUNTIF('Season 7'!A:AAO, TRIM(A7)), COUNTIF('Season 7'!A:AAO, TRIM(A7) & " (Defending)"), COUNTIF('Season 7'!A:AAO, TRIM(A7) & " (PL)"), , COUNTIF('Season 7'!A:AAO, TRIM(A7) & " (PL) (Defending)")) -> 10
A8: Dr. Mario | B8: =COUNTIF('Season 7'!A:AAO, CONCATENATE(TRIM(A8), " ","-"," ","W*")) -> 12 | C8: =SUM(COUNTIF('Season 7'!A:AAO, TRIM(A8)), COUNTIF('Season 7'!A:AAO, TRIM(A8) & " (Defending)"), COUNTIF('Season 7'!A:AAO, TRIM(A8) & " (PL)"), , COUNTIF('Season 7'!A:AAO, TRIM(A8) & " (PL) (Defending)")) -> 9
A9: Bowser | B9: =COUNTIF('Season 7'!A:AAO, CONCATENATE(TRIM(A9), " ","-"," ","W*")) -> 13 | C9: =SUM(COUNTIF('Season 7'!A:AAO, TRIM(A9)), COUNTIF('Season 7'!A:AAO, TRIM(A9) & " (Defending)"), COUNTIF('Season 7'!A:AAO, TRIM(A9) & " (PL)"), , COUNTIF('Season 7'!A:AAO, TRIM(A9) & " (PL) (Defending)")) -> 13
A10: Dark Samus | B10: =COUNTIF('Season 7'!A:AAO, CONCATENATE(TRIM(A10), " ","-"," ","W*")) -> 12 | C10: =SUM(COUNTIF('Season 7'!A:AAO, TRIM(A10)), COUNTIF('Season 7'!A:AAO, TRIM(A10) & " (Defending)"), COUNTIF('Season 7'!A:AAO, TRIM(A10) & " (PL)"), , COUNTIF('Season 7'!A:AAO, TRIM(A10) & " (PL) (Defending)")) -> 9
A11: Wario | B11: =COUNTIF('Season 7'!A:AAO, CONCATENATE(TRIM(A11), " ","-"," ","W*")) -> 12 | C11: =SUM(COUNTIF('Season 7'!A:AAO, TRIM(A11)), COUNTIF('Season 7'!A:AAO, TRIM(A11) & " (Defending)"), COUNTIF('Season 7'!A:AAO, TRIM(A11) & " (PL)"), , COUNTIF('Season 7'!A:AAO, TRIM(A11) & " (PL) (Defending)")) -> 10
A12: Palutena | B12: =COUNTIF('Season 7'!A:AAO, CONCATENATE(TRIM(A12), " ","-"," ","W*")) -> 11 | C12: =SUM(COUNTIF('Season 7'!A:AAO, TRIM(A12)), COUNTIF('Season 7'!A:AAO, TRIM(A12) & " (Defending)"), COUNTIF('Season 7'!A:AAO, TRIM(A12) & " (PL)"), , COUNTIF('Season 7'!A:AAO, TRIM(A12) & " (PL) (Defending)")) -> 11
A13: Sonic | B13: =COUNTIF('Season 7'!A:AAO, CONCATENATE(TRIM(A13), " ","-"," ","W*")) -> 11 | C13: =SUM(COUNTIF('Season 7'!A:AAO, TRIM(A13)), COUNTIF('Season 7'!A:AAO, TRIM(A13) & " (Defending)"), COUNTIF('Season 7'!A:AAO, TRIM(A13) & " (PL)"), , COUNTIF('Season 7'!A:AAO, TRIM(A13) & " (PL) (Defending)")) -> 11
... A26: Pichu | B26: =COUNTIF('Season 7'!A:AAO, CONCATENATE(TRIM(A26), " ","-"," ","W*")) -> 0 | C26: =SUM(COUNTIF('Season 7'!A:AAO, TRIM(A26)), COUNTIF('Season 7'!A:AAO, TRIM(A26) & " (Defending)"), COUNTIF('Season 7'!A:AAO, TRIM(A26) & " (PL)"), , COUNTIF('Season 7'!A:AAO, TRIM(A26) & " (PL) (Defending)")) -> 9
A28: Melee Fighters | B28: W | C28: L
A29: Ganondorf | B29: =COUNTIF('Season 7'!A:AAO, CONCATENATE(TRIM(A29), " ","-"," ","W*")) -> 21 | C29: =SUM(COUNTIF('Season 7'!A:AAO, TRIM(A29)), COUNTIF('Season 7'!A:AAO, TRIM(A29) & " (Defending)"), , COUNTIF('Season 7'!A:AAO, TRIM(A29) & " (PL)"), COUNTIF('Season 7'!A:AAO, TRIM(A29) & " (PL) (Defending)")) -> 4
A30: Lucas | B30: =COUNTIF('Season 7'!A:AAO, CONCATENATE(TRIM(A30), " ","-"," ","W*")) -> 18 | C30: =SUM(COUNTIF('Season 7'!A:AAO, TRIM(A30)), COUNTIF('Season 7'!A:AAO, TRIM(A30) & " (Defending)"), , COUNTIF('Season 7'!A:AAO, TRIM(A30) & " (PL)"), COUNTIF('Season 7'!A:AAO, TRIM(A30) & " (PL) (Defending)")) -> 7
A31: Incineroar | B31: =COUNTIF('Season 7'!A:AAO, CONCATENATE(TRIM(A31), " ","-"," ","W*")) -> 16 | C31: =SUM(COUNTIF('Season 7'!A:AAO, TRIM(A31)), COUNTIF('Season 7'!A:AAO, TRIM(A31) & " (Defending)"), , COUNTIF('Season 7'!A:AAO, TRIM(A31) & " (PL)"), COUNTIF('Season 7'!A:AAO, TRIM(A31) & " (PL) (Defending)")) -> 2
A32: Ness | B32: =COUNTIF('Season 7'!A:AAO, CONCATENATE(TRIM(A32), " ","-"," ","W*")) -> 15 | C32: =SUM(COUNTIF('Season 7'!A:AAO, TRIM(A32)), COUNTIF('Season 7'!A:AAO, TRIM(A32) & " (Defending)"), , COUNTIF('Season 7'!A:AAO, TRIM(A32) & " (PL)"), COUNTIF('Season 7'!A:AAO, TRIM(A32) & " (PL) (Defending)")) -> 10
A33: Ridley | B33: =COUNTIF('Season 7'!A:AAO, CONCATENATE(TRIM(A33), " ","-"," ","W*")) -> 14 | C33: =SUM(COUNTIF('Season 7'!A:AAO, TRIM(A33)), COUNTIF('Season 7'!A:AAO, TRIM(A33) & " (Defending)"), , COUNTIF('Season 7'!A:AAO, TRIM(A33) & " (PL)"), COUNTIF('Season 7'!A:AAO, TRIM(A33) & " (PL) (Defending)")) -> 6
A34: Dark Pit | B34: =COUNTIF('Season 7'!A:AAO, CONCATENATE(TRIM(A34), " ","-"," ","W*")) -> 12 | C34: =SUM(COUNTIF('Season 7'!A:AAO, TRIM(A34)), COUNTIF('Season 7'!A:AAO, TRIM(A34) & " (Defending)"), , COUNTIF('Season 7'!A:AAO, TRIM(A34) & " (PL)"), COUNTIF('Season 7'!A:AAO, TRIM(A34) & " (PL) (Defending)")) -> 11
A35: Link | B35: =COUNTIF('Season 7'!A:AAO, CONCATENATE(TRIM(A35), " ","-"," ","W*")) -> 10 | C35: =SUM(COUNTIF('Season 7'!A:AAO, TRIM(A35)), COUNTIF('Season 7'!A:AAO, TRIM(A35) & " (Defending)"), , COUNTIF('Season 7'!A:AAO, TRIM(A35) & " (PL)"), COUNTIF('Season 7'!A:AAO, TRIM(A35) & " (PL) (Defending)")) -> 9
A36: Cloud | B36: =COUNTIF('Season 7'!A:AAO, CONCATENATE(TRIM(A36), " ","-"," ","W*")) -> 10 | C36: =SUM(COUNTIF('Season 7'!A:AAO, TRIM(A36)), COUNTIF('Season 7'!A:AAO, TRIM(A36) & " (Defending)"), , COUNTIF('Season 7'!A:AAO, TRIM(A36) & " (PL)"), COUNTIF('Season 7'!A:AAO, TRIM(A36) & " (PL) (Defending)")) -> 7
A37: Mewtwo | B37: =COUNTIF('Season 7'!A:AAO, CONCATENATE(TRIM(A37), " ","-"," ","W*")) -> 10 | C37: =SUM(COUNTIF('Season 7'!A:AAO, TRIM(A37)), COUNTIF('Season 7'!A:AAO, TRIM(A37) & " (Defending)"), , COUNTIF('Season 7'!A:AAO, TRIM(A37) & " (PL)"), COUNTIF('Season 7'!A:AAO, TRIM(A37) & " (PL) (Defending)")) -> 8
A38: Yoshi | B38: =COUNTIF('Season 7'!A:AAO, CONCATENATE(TRIM(A38), " ","-"," ","W*")) -> 9 | C38: =SUM(COUNTIF('Season 7'!A:AAO, TRIM(A38)), COUNTIF('Season 7'!A:AAO, TRIM(A38) & " (Defending)"), , COUNTIF('Season 7'!A:AAO, TRIM(A38) & " (PL)"), COUNTIF('Season 7'!A:AAO, TRIM(A38) & " (PL) (Defending)")) -> 5
A39: Lucina | B39: =COUNTIF('Season 7'!A:AAO, CONCATENATE(TRIM(A39), " ","-"," ","W*")) -> 9 | C39: =SUM(COUNTIF('Season 7'!A:AAO, TRIM(A39)), COUNTIF('Season 7'!A:AAO, TRIM(A39) & " (Defending)"), , COUNTIF('Season 7'!A:AAO, TRIM(A39) & " (PL)"), COUNTIF('Season 7'!A:AAO, TRIM(A39) & " (PL) (Defending)")) -> 12
A40: Wolf | B40: =COUNTIF('Season 7'!A:AAO, CONCATENATE(TRIM(A40), " ","-"," ","W*")) -> 9 | C40: =SUM(COUNTIF('Season 7'!A:AAO, TRIM(A40)), COUNTIF('Season 7'!A:AAO, TRIM(A40) & " (Defending)"), , COUNTIF('Season 7'!A:AAO, TRIM(A40) & " (PL)"), COUNTIF('Season 7'!A:AAO, TRIM(A40) & " (PL) (Defending)")) -> 9
... A52: Bayonetta | B52: =COUNTIF('Season 7'!A:AAO, CONCATENATE(TRIM(A52), " ","-"," ","W*")) -> 0 | C52: =SUM(COUNTIF('Season 7'!A:AAO, TRIM(A52)), COUNTIF('Season 7'!A:AAO, TRIM(A52) & " (Defending)"), , COUNTIF('Season 7'!A:AAO, TRIM(A52) & " (PL)"), COUNTIF('Season 7'!A:AAO, TRIM(A52) & " (PL) (Defending)")) -> 13
A54: Ultimate Fighters | B54: W | C54: L
A55: Chrom | B55: =COUNTIF('Season 7'!A:AAO, CONCATENATE(TRIM(A55), " ","-"," ","W*")) -> 16 | C55: =SUM(COUNTIF('Season 7'!A:AAO, TRIM(A55)), COUNTIF('Season 7'!A:AAO, TRIM(A55) & " (Defending)"), COUNTIF('Season 7'!A:AAO, TRIM(A55) & " (PL)"), COUNTIF('Season 7'!A:AAO, TRIM(A55) & " (PL) (Defending)")) -> 6
A56: King Dedede | B56: =COUNTIF('Season 7'!A:AAO, CONCATENATE(TRIM(A56), " ","-"," ","W*")) -> 14 | C56: =SUM(COUNTIF('Season 7'!A:AAO, TRIM(A56)), COUNTIF('Season 7'!A:AAO, TRIM(A56) & " (Defending)"), COUNTIF('Season 7'!A:AAO, TRIM(A56) & " (PL)"), COUNTIF('Season 7'!A:AAO, TRIM(A56) & " (PL) (Defending)")) -> 9
A57: ROB | B57: =COUNTIF('Season 7'!A:AAO, CONCATENATE(TRIM(A57), " ","-"," ","W*")) -> 12 | C57: =SUM(COUNTIF('Season 7'!A:AAO, TRIM(A57)), COUNTIF('Season 7'!A:AAO, TRIM(A57) & " (Defending)"), COUNTIF('Season 7'!A:AAO, TRIM(A57) & " (PL)"), COUNTIF('Season 7'!A:AAO, TRIM(A57) & " (PL) (Defending)")) -> 9
A58: Mario | B58: =COUNTIF('Season 7'!A:AAO, CONCATENATE(TRIM(A58), " ","-"," ","W*")) -> 12 | C58: =SUM(COUNTIF('Season 7'!A:AAO, TRIM(A58)), COUNTIF('Season 7'!A:AAO, TRIM(A58) & " (Defending)"), COUNTIF('Season 7'!A:AAO, TRIM(A58) & " (PL)"), COUNTIF('Season 7'!A:AAO, TRIM(A58) & " (PL) (Defending)")) -> 6
A59: Shulk | B59: =COUNTIF('Season 7'!A:AAO, CONCATENATE(TRIM(A59), " ","-"," ","W*")) -> 13 | C59: =SUM(COUNTIF('Season 7'!A:AAO, TRIM(A59)), COUNTIF('Season 7'!A:AAO, TRIM(A59) & " (Defending)"), COUNTIF('Season 7'!A:AAO, TRIM(A59) & " (PL)"), COUNTIF('Season 7'!A:AAO, TRIM(A59) & " (PL) (Defending)")) -> 5
A60: Ike | B60: =COUNTIF('Season 7'!A:AAO, CONCATENATE(TRIM(A60), " ","-"," ","W*")) -> 13 | C60: =SUM(COUNTIF('Season 7'!A:AAO, TRIM(A60)), COUNTIF('Season 7'!A:AAO, TRIM(A60) & " (Defending)"), COUNTIF('Season 7'!A:AAO, TRIM(A60) & " (PL)"), COUNTIF('Season 7'!A:AAO, TRIM(A60) & " (PL) (Defending)")) -> 8
A61: Mega Man | B61: =COUNTIF('Season 7'!A:AAO, CONCATENATE(TRIM(A61), " ","-"," ","W*")) -> 12 | C61: =SUM(COUNTIF('Season 7'!A:AAO, TRIM(A61)), COUNTIF('Season 7'!A:AAO, TRIM(A61) & " (Defending)"), COUNTIF('Season 7'!A:AAO, TRIM(A61) & " (PL)"), COUNTIF('Season 7'!A:AAO, TRIM(A61) & " (PL) (Defending)")) -> 7
A62: Roy | B62: =COUNTIF('Season 7'!A:AAO, CONCATENATE(TRIM(A62), " ","-"," ","W*")) -> 10 | C62: =SUM(COUNTIF('Season 7'!A:AAO, TRIM(A62)), COUNTIF('Season 7'!A:AAO, TRIM(A62) & " (Defending)"), COUNTIF('Season 7'!A:AAO, TRIM(A62) & " (PL)"), COUNTIF('Season 7'!A:AAO, TRIM(A62) & " (PL) (Defending)")) -> 7
A63: Joker | B63: =COUNTIF('Season 7'!A:AAO, CONCATENATE(TRIM(A63), " ","-"," ","W*")) -> 10 | C63: =SUM(COUNTIF('Season 7'!A:AAO, TRIM(A63)), COUNTIF('Season 7'!A:AAO, TRIM(A63) & " (Defending)"), COUNTIF('Season 7'!A:AAO, TRIM(A63) & " (PL)"), COUNTIF('Season 7'!A:AAO, TRIM(A63) & " (PL) (Defending)")) -> 10
A64: Pikachu | B64: =COUNTIF('Season 7'!A:AAO, CONCATENATE(TRIM(A64), " ","-"," ","W*")) -> 10 | C64: =SUM(COUNTIF('Season 7'!A:AAO, TRIM(A64)), COUNTIF('Season 7'!A:AAO, TRIM(A64) & " (Defending)"), COUNTIF('Season 7'!A:AAO, TRIM(A64) & " (PL)"), COUNTIF('Season 7'!A:AAO, TRIM(A64) & " (PL) (Defending)")) -> 9
A65: Pac-Man | B65: =COUNTIF('Season 7'!A:AAO, CONCATENATE(TRIM(A65), " ","-"," ","W*")) -> 9 | C65: =SUM(COUNTIF('Season 7'!A:AAO, TRIM(A65)), COUNTIF('Season 7'!A:AAO, TRIM(A65) & " (Defending)"), COUNTIF('Season 7'!A:AAO, TRIM(A65) & " (PL)"), COUNTIF('Season 7'!A:AAO, TRIM(A65) & " (PL) (Defending)")) -> 9
A66: Pit | B66: =COUNTIF('Season 7'!A:AAO, CONCATENATE(TRIM(A66), " ","-"," ","W*")) -> 8 | C66: =SUM(COUNTIF('Season 7'!A:AAO, TRIM(A66)), COUNTIF('Season 7'!A:AAO, TRIM(A66) & " (Defending)"), COUNTIF('Season 7'!A:AAO, TRIM(A66) & " (PL)"), COUNTIF('Season 7'!A:AAO, TRIM(A66) & " (PL) (Defending)")) -> 12
... A78: Peach | B78: =COUNTIF('Season 7'!A:AAO, CONCATENATE(TRIM(A78), " ","-"," ","W*")) -> 1 | C78: =SUM(COUNTIF('Season 7'!A:AAO, TRIM(A78)), COUNTIF('Season 7'!A:AAO, TRIM(A78) & " (Defending)"), COUNTIF('Season 7'!A:AAO, TRIM(A78) & " (PL)"), COUNTIF('Season 7'!A:AAO, TRIM(A78) & " (PL) (Defending)")) -> 9

Sheet Season 7 Awards
B1: Superstar of the Year | C1: W | D1: L | E1: Description
A2: 1
A3: 2
A4: 3
A5: 4
A6: 5
B8: Brawl Superstar of the Year | C8: W | D8: L | E8: Description
A9: 1
A10: 2
A11: 3
B13: Melee Superstar of the Year | C13: W | D13: L | E13: Description
A14: 1
A15: 2
A16: 3
B18: Ultimate Superstar of the Year | C18: W | D18: L | E18: Description
A19: 1
A20: 2
A21: 3
B23: Tag Team of the Year
A24: 1
A25: 2
B27: Most Improved (Breakout) | C27: W | D27: L
A28: 1
A29: 2
A30: 3
A31: 4
A32: 5
B34: Most Disappointing | C34: W | D34: L
A35: 1
A36: 2
A37: 3
A38: 4
A39: 5
B41: Match of the Year
A42: 1
A43: 2
A44: 3
A45: 4
A46: 5

Sheet Season 7 Draft
A1: Order (Snake Draft)
A2: Brawl
A3: Ultimate
A4: Melee
L5: Brawl | M5: Melee | N5: Ultimate
B7: Protected Fighters: | C7: Kirby | D7: Brawl Champion | E7: Protected Fighters: | F7: Ganondorf | G7: Melee Champion | H7: Protected Fighters: | I7: Mario | J7: Ultimate Champion
C8: Marth | D8: Human Champion | F8: Lucina | G8: Animal Champion | I8: Dr. Mario | J8: Monster Champion
C9: Robin | D9: Hardcore Champion | F9: Incineroar | G9: Special Champion | I9: Mega Man | J9: Chaos Champion
C10: Samus | D10: MITB Brawl | F10: Yoshi | G10: MITB Melee | I10: Shulk | J10: MITB Ultimate
A11: Round 1 Protected | C11: Toon Link | F11: Cloud | I11: Pikachu
A12: Round 1 Draft | C12: Luigi | F12: Ness | I12: ROB
A13: Round 2 Protected | C13: Wario | F13: Dark Pit | I13: Ike
A14: Round 2 Draft | C14: Bowser | F14: Link | I14: Joker
A15: Round 3 Protected | C15: Sonic | F15: Lucas | I15: King Dedede
A16: Round 3 Protected | C16: Simon Belmont | F16: DK | I16: Roy
A17: Round 3 Draft | C17: Diddy Kong | F17: Mr. Game & Watch | I17: Pit
A18: Round 4 Protected | C18: Ken | F18: King K. Rool | I18: Captain Falcon
A19: Round 4 Protected | C19: Palutena | F19: Ridley | I19: Chrom
A20: Round 4 Draft | C20: Young Link | F20: Wolf | I20: Meta Knight
A21: Round 5 Protected | C21: Falco | F21: Mewtwo | I21: Snake
A22: Round 5 Draft | C22: Dark Samus | F22: Greninja | I22: Fox
... A30: Round 8 Draft | C30: Pichu | F30: Daisy | I30: Wii Fit Trainer

Sheet Season 6
A1: Month 1 | B1: Royal Rumble | L1: Month 2 | M1: Pokeslam | U1: Month 3 | V1: Brawlmania | AD1: Month 4 | AE1: Money in the Bank | AM1: Month 5 | AN1: Ignition | AT1: Month 6 | AU1: Summer Slam | BA1: Month 7 | BB1: Final Destination Tournament | BH1: Month 8 | BI1: The Great Race | BQ1: Month 9 | BR1: King of the Hill | BX1: Month 10 | BY1: Smash Series | CH1: Month 11 | CI1: Championship Cruise | CO1: Month 12 | CP1: Championship Scramble
B3: Brawl | C3: Battlefield | M3: Brawl | N3: Jungle Japes | V3: Brawl | W3: Pokemon Stadium 2 | AE3: Brawl | AF3: Bridge of Eldin | AN3: Brawl | AO3: New Pork City (Battlefield) | AU3: Brawl | AV3: Golden Plains | BB3: Brawl | BC3: Reset Bomb Forest | BF3: Trade: Diddy Kong (to Melee) for Wario (to Brawl) | BI3: Brawl | BJ3: Mario Circuit | BR3: Brawl | BS3: Wii Fit Studio | BY3: Brawl | BZ3: Super Mario Maker | CI3: Brawl | CJ3: Big Blue | CP3: Brawl | CQ3: Umbra Clock Tower
B4: 1 | C4: Richter Belmont - W | D4: Dr. Mario | M4: 1 | N4: Ken | O4: Bowser Jr. - W | V4: 1 | W4: Diddy Kong | X4: Dr. Mario - W | AD4: Spot in MITB | AE4: 1 | AF4: Wii Fit Trainer | AG4: Sonic - W | AN4: 1 | AO4: Young Link - W | AP4: Rosalina & Luma | AU4: 1 | AV4: Ice Climbers - W | AW4: Jigglypuff | AX4: Daisy | BB4: 1 | BC4: Wario - W | BD4: Ryu | BI4: 1 | BJ4: Robin - W | BK4: Ice Climbers | BR4: 1 | BS4: ROB - W | BT4: Ken | BY4: 1 | BZ4: Samus - W | CA4: Palutena | CI4: 1 | CJ4: Ryu | CK4: Kirby - W | CP4: 1 | CQ4: Pokemon Trainer - W | CR4: Daisy
C5: 2 | D5: 0 | N5: 0 | O5: 1 | W5: 0 | X5: 1 | AF5: 0 | AG5: 1 | AO5: 3 | AP5: 0 | AV5: 1 | AW5: 0 | AX5: 0 | BC5: 2 | BD5: 0 | BJ5: 2 | BK5: 0 | BS5: 3 | BT5: 0 | BZ5: 2 | CA5: 0 | CJ5: 0 | CK5: 3 | CQ5: 1 | CR5: 0
B6: 2 | C6: Bayonetta | D6: Ryu - W | M6: 2 | N6: Dr. Mario - W | O6: Little Mac | V6: 2 | W6: Wii Fit Trainer | X6: Simon Belmont - W | AD6: Battle of the winless | AE6: 2 | AF6: Bayonetta - W | AG6: Ken | AN6: 2 | AO6: Ryu | AP6: Ridley - W | AU6: 2 | AV6: Falco | AW6: Ryu - W | BB6: 2 | BC6: Link - W | BD6: Samus | BI6: 2 | BJ6: Kirby - W | BK6: Fox | BR6: 2 | BS6: Ice Climbers | BT6: Sonic - W | BY6: 2 | BZ6: Sonic - W | CA6: Rosalina & Luma | CI6: 2 | CJ6: Ken | CK6: Pokemon Trainer - W | CP6: 2 | CQ6: Wolf - W | CR6: Ken
C7: 0 | D7: 1 | N7: 2 | O7: 0 | W7: 0 | X7: 3 | AF7: 1 | AG7: 0 | AO7: 0 | AP7: 3 | AV7: 0 | AW7: 1 | BC7: 1 | BD7: 0 | BJ7: 2 | BK7: 0 | BS7: 0 | BT7: 1 | BZ7: 2 | CA7: 0 | CJ7: 0 | CK7: 3 | CQ7: 2 | CR7: 0
B8: 3 | C8: Young Link | D8: Toon Link - W | L8: Pokeball Spot | M8: 3 | N8: Diddy Kong | O8: Robin - W | V8: 3 | W8: Toon Link - W | X8: Bowser Jr. | AD8: Spot in MITB | AE8: 3 | AF8: Wolf | AG8: Dr. Mario - W | AM8: Beat the clock for Brawl spot | AN8: 3 | AO8: Diddy Kong - W | AP8: Wolf | AU8: 3 | AV8: Robin | AW8: Palutena - W | BB8: 3 | BC8: Marth - W | BD8: Kirby | BH8: Spot in Human | BI8: 3 | BJ8: Rosalina & Luma | BK8: Wolf - W | BR8: 3 | BS8: Robin - W | BT8: Wii Fit Trainer | BY8: 3 | BZ8: Pokemon Trainer - W | CA8: Ice Climbers | CI8: 3 | CJ8: Samus - W | CK8: Palutena | CP8: 3 | CQ8: Rosalina & Luma | CR8: Fox - W
C9: 0 | D9: 1 | N9: 0 | O9: 2 | W9: 1 | X9: 0 | AF9: 0 | AG9: 2 | AM9: 0.13194444 | AO9: 1 | AP9: 0 | AV9: 0 | AW9: 1 | BC9: 1 | BD9: 0 | BJ9: 0 | BK9: 3 | BS9: 2 | BT9: 0 | BZ9: 1 | CA9: 0 | CJ9: 1 | CK9: 0 | CQ9: 0 | CR9: 1
B10: 4 | C10: Ridley - W | D10: Wii Fit Trainer | M10: 4 | N10: Pokemon Trainer - W | O10: Sonic | V10: 4 | W10: Ryu | X10: ROB - W | AE10: 4 | AF10: Simon Belmont - W | AG10: Little Mac | AM10: Beat the Clock for Brawl spot | AN10: 4 | AO10: ROB - W | AP10: Roy | AU10: 4 | AV10: Link | AW10: Toon Link - W | BA10: #16 seed | BB10: 4 | BC10: Ken | BD10: Pokemon Trainer | BE10: Daisy - W | BF10: Bowser Jr. | BI10: 4 | BJ10: Wario - W | BK10: Toon Link | BQ10: Winner put in #1 contender for Brawl next week | BR10: 4 | BS10: Marth | BT10: Toon Link - W | BY10: 4 | BZ10: Wolf - W | CA10: Ken | CI10: 4 | CJ10: Wolf | CK10: Link - W | CP10: 4 | CQ10: Richter Belmont - W | CR10: Ryu
C11: 3 | D11: 0 | N11: 2 | O11: 0 | W11: 0 | X11: 3 | AF11: 2 | AG11: 0 | AM11: 0.13819444 | AO11: 2 | AP11: 0 | AV11: 0 | AW11: 1 | BC11: 0 | BD11: 0 | BE11: 1 | BF11: 0 | BJ11: 2 | BK11: 0 | BS11: 0 | BT11: 1 | BZ11: 3 | CA11: 0 | CJ11: 0 | CK11: 1 | CQ11: 3 | CR11: 0
A12: Spot in Royal Rumble | B12: 5 | C12: Sonic | D12: ROB - W | L12: #1 Contender Hardcore | M12: 5 | N12: Richter Belmont - W | O12: Ryu | P12: Dark Samus | U12: #1 Contender Human | V12: 5 | W12: Corrin - W | X12: Robin | AD12: #1 Contender Hardcore | AE12: 5 | AF12: Roy - W | AG12: Robin | AM12: Beat the clock for Brawl spot | AN12: 5 | AO12: Simon Belmont - W | AP12: Richter Belmont - W | AT12: #1 Contender Human | AU12: 5 | AV12: Diddy Kong - W | AW12: Wolf | BA12: #15 seed | BB12: 5 | BC12: Falco | BD12: Ice Climbers | BE12: Wii Fit Trainer | BF12: Robin - W | BH12: Spot in Hardcore | BI12: 5 | BJ12: Richter Belmont | BK12: Sonic - W | BQ12: #1 Contender Hardcore | BR12: 5 | BS12: Link - W | BT12: Samus | BX12: #1 Contender Human | BY12: 5 | BZ12: Richter Belmont - W | CA12: Ryu | CH12: #1 Contender Hardcore | CI12: 5 | CJ12: Rosalina & Luma - W | CK12: Fox | CO12: Spot in Brawl | CP12: 5 | CQ12: Marth | CR12: Link - W
N13: 4 | O13: -3 | P13: -1 | W13: 1 | X13: 0 | AF13: 2 | AG13: -2 | AM13: 0.090277778 | AO13: 0 | AP13: 2 | AV13: 2 | AW13: 0 | BC13: 0 | BD13: 0 | BE13: 0 | BF13: 1 | BH13: KO's own assist trophy for win | BJ13: 0 | BK13: 1 | BS13: 6 | BT13: -6 | BZ13: 3 | CA13: 0 | CJ13: 0 | CK13: 0 | CQ13: 0 | CR13: 1
B15: Melee | C15: Peach's Castle | M15: Melee | N15: Great Bay | V15: Melee | W15: Onett | AE15: Melee | AF15: Norfair | AN15: Melee | AO15: Skyworld | AU15: Melee | AV15: Paper Mario | BB15: Melee | BC15: Tortimer Island | BI15: Melee | BJ15: Skyloft | BR15: Melee | BS15: Gaur Plain (Battlefield) | BY15: Melee | BZ15: Hanenbow | CI15: Melee | CJ15: Fountain of Dreams | CP15: Melee | CQ15: Midgar
B16: 1 | C16: Lucina - W | D16: Palutena | M16: 1 | N16: Lucario - W | O16: Duck Hunt | V16: 1 | W16: Isabelle | X16: DK - W | AE16: 1 | AF16: Pit - W | AG16: Isabelle | AN16: 1 | AO16: Luigi - W | AP16: Villager | AU16: 1 | AV16: Corrin - W | AW16: Lucina | BB16: 1 | BC16: Meta Knight | BD16: Diddy Kong - W | BI16: 1 | BJ16: Ridley | BK16: Corrin - W | BR16: 1 | BS16: Incineroar | BT16: Lucina - W | BY16: 1 | BZ16: Meta Knight - W | CA16: Zelda | CI16: 1 | CJ16: DK - W | CK16: Dark Samus | CP16: 1 | CQ16: Ridley - W | CR16: Mewtwo
C17: 3 | D17: 0 | N17: 3 | O17: 0 | W17: 0 | X17: 2 | AF17: 2 | AG17: 0 | AO17: 1 | AP17: 0 | AV17: 1 | AW17: 0 | BC17: 0 | BD17: 2 | BJ17: 0 | BK17: 1 | BS17: 0 | BT17: 2 | BZ17: 1 | CA17: 0 | CJ17: 2 | CK17: 0 | CQ17: 1 | CR17: 0
B18: 2 | C18: King K. Rool - W | D18: DK | M18: 2 | N18: Luigi - W | O18: Pac-Man | V18: 2 | W18: Fox | X18: Inkling - W | AE18: 2 | AF18: Palutena - W | AG18: Olimar | AN18: 2 | AO18: Ganondorf - W | AP18: Zelda | AU18: 2 | AV18: Mewtwo | AW18: Dark Samus - W | BB18: 2 | BC18: Dark Pit - W | BD18: Lucina | BI18: 2 | BJ18: Mewtwo | BK18: Zelda - W | BR18: 2 | BS18: Ridley - W | BT18: Mewtwo | BY18: 2 | BZ18: Ganondorf - W | CA18: Lucas | CI18: 2 | CJ18: Cloud | CK18: Ridley - W | CP18: 2 | CQ18: Incineroar - W | CR18: Corrin
C19: 2 | D19: 0 | N19: 1 | O19: 0 | W19: 0 | X19: 2 | AF19: 2 | AG19: 0 | AO19: 2 | AP19: 0 | AV19: 0 | AW19: 2 | BC19: 2 | BD19: 0 | BJ19: 0 | BK19: 2 | BS19: 2 | BT19: 0 | BZ19: 2 | CA19: 0 | CJ19: 0 | CK19: 1 | CQ19: 1 | CR19: 0
B20: 3 | C20: Inkling - W | D20: Pac-Man | L20: Pokeball Spot | M20: 3 | N20: Villager | O20: Lucina - W | V20: 3 | W20: Zelda - W | X20: Meta Knight | AD20: Spot in MITB | AE20: 3 | AF20: Pac-Man | AG20: Lucario - W | AN20: 3 | AO20: Lucario - W | AP20: Lucina | AU20: 3 | AV20: Incineroar - W | AW20: Olimar | BB20: 3 | BC20: Cloud - W | BD20: Dark Samus | BI20: 3 | BJ20: Pit | BK20: Diddy Kong - W | BR20: 3 | BS20: Cloud - W | BT20: Pit | BY20: 3 | BZ20: Incineroar - W | CA20: Corrin | CI20: 3 | CJ20: Lucas - W | CK20: Isabelle | CP20: 3 | CQ20: DK - W | CR20: Pit
C21: 1 | D21: 0 | N21: 0 | O21: 1 | W21: 2 | X21: 0 | AF21: 0 | AG21: 2 | AO21: 2 | AP21: 0 | AV21: 1 | AW21: 0 | BC21: 2 | BD21: 0 | BJ21: 0 | BK21: 3 | BS21: 3 | BT21: 0 | BZ21: 1 | CA21: 0 | CJ21: 2 | CK21: 0 | CQ21: 1 | CR21: 0
B22: 4 | C22: Dark Pit | D22: Ganondorf - W | M22: 4 | N22: Meta Knight | O22: Link - W | V22: 4 | W22: Luigi - W | X22: Lucina | AD22: Spot in MITB | AE22: 4 | AF22: Cloud - W | AG22: Meta Knight | AN22: 4 | AO22: Ike - W | AP22: Fox | AU22: 4 | AV22: Yoshi - W | AW22: Wario | BA22: #16 seed | BB22: 4 | BC22: Duck Hunt | BD22: Bayonetta | BE22: Olimar - W | BF22: Mewtwo | BH22: Spot in Special | BI22: 4 | BJ22: Dark Samus | BK22: Incineroar - W | BR22: 4 | BS22: Ganondorf - W | BT22: Corrin | BY22: 4 | BZ22: Luigi - W | CA22: Diddy Kong | CI22: 4 | CJ22: Incneroar - W | CK22: Zelda | CP22: 4 | CQ22: Cloud | CR22: Yoshi - W
C23: 0 | D23: 3 | N23: 0 | O23: 2 | W23: 2 | X23: 0 | AF23: 3 | AG23: 0 | AO23: 3 | AP23: 0 | AV23: 2 | AW23: 0 | BC23: 0 | BD23: 0 | BE23: 1 | BF23: 0 | BH23: Mega Match | BJ23: 0 | BK23: 1 | BS23: 1 | BT23: 0 | BZ23: 3 | CA23: 0 | CJ23: 2 | CK23: 0 | CQ23: 0 | CR23: 1
A24: Spot in Royal Rumble | B24: 5 | C24: Cloud - W | D24: Link | L24: #1 contender Melee | M24: 5 | N24: Ike | O24: Ganondorf - W | U24: Spot in Smash Bros. | V24: 5 | W24: Lucario | X24: Ganondorf - W | AD24: #1 contender Animal | AE24: 5 | AF24: Dark Pit - W | AG24: Fox | AH24: Inkling | AM24: #1 contender Melee | AN24: 5 | AO24: Pit | AP24: Cloud - W | AQ24: Wario | AT24: #1 contender Melee | AU24: 5 | AV24: Ganondorf | AW24: King K. Rool - W | BA24: #15 seed | BB24: 5 | BC24: Isabelle | BD24: Ridley - W | BE24: Zelda | BH24: Spot in Melee | BI24: 5 | BJ24: King K. Rool - W | BK24: Lucina | BQ24: #1 contender Melee | BR24: 5 | BS24: Luigi | BT24: King K. Rool - W | BU24: Diddy Kong | BX24: #1 contender Animal | BY24: 5 | BZ24: Pit - W | CA24: Lucario | CH24: #1 contender Melee | CI24: 5 | CJ24: Pit - W | CK24: Corrin | CO24: Spot in Melee | CP24: 5 | CQ24: King K. Rool | CR24: Ganondorf - W
C25: 1 | D25: 0 | N25: 0 | O25: 1 | W25: 0 | X25: 2 | AF25: 2 | AG25: 0 | AH25: 0 | AO25: 0 | AP25: 1 | AQ25: 0 | AV25: 0 | AW25: 1 | BC25: 0 | BD25: 1 | BE25: 0 | BJ25: 1 | BK25: 0 | BS25: 0 | BT25: 1 | BU25: 0 | BZ25: 2 | CA25: 0 | CJ25: 2 | CK25: 0 | CQ25: 0 | CR25: 2
B27: Ultimate | C27: Kongo Jungle | M27: Ultimate | N27: Temple | V27: Ultimate | W27: Mushroom Kingdom II | AE27: Ultimate | AF27: Frigate Orpheon | AN27: Ultimate | AO27: Shadow Moses Island | AU27: Ultimate | AV27: Gerudo Valley | BB27: Ultimate | BC27: Balloon Fight | BI27: Ultimate | BJ27: The Great Cave Offensive (Battlefield) | BR27: Ultimate | BS27: Duck Hunt | BY27: Ultimate | BZ27: Suzaku Castle | CI27: Ultimate | CJ27: Pirate Ship | CP27: Ultimate | CQ27: Pilotwings
B28: 1 | C28: Incineroar | D28: Pikachu - W | M28: 1 | N28: Mewtwo - W | O28: Peach | V28: 1 | W28: Chrom - W | X28: Sheik | AE28: 1 | AF28: Peach | AG28: Jigglypuff - W | AN28: 1 | AO28: Falco - W | AP28: Pichu | AU28: 1 | AV28: Pac-Man | AW28: Bowser - W | BB28: 1 | BC28: Ness - W | BD28: Dr. Mario | BI28: 1 | BJ28: Little Mac - W | BK28: Pac-Man | BR28: 1 | BS28: Mega Man | BT28: Inkling - W | BY28: 1 | BZ28: Bowser - W | CA28: Villager | CI28: 1 | CJ28: Sheik | CK28: Dr. Mario - W | CP28: 1 | CQ28: Young Link - W | CR28: Roy
C29: 0 | D29: 1 | N29: 2 | O29: 0 | W29: 3 | X29: 0 | AF29: 0 | AG29: 3 | AO29: 1 | AP29: 0 | AV29: 0 | AW29: 3 | BC29: 1 | BD29: 0 | BJ29: 1 | BK29: 0 | BS29: 0 | BT29: 1 | BZ29: 1 | CA29: 0 | CJ29: 0 | CK29: 3 | CQ29: 2 | CR29: 0
B30: 2 | C30: Pichu | D30: Captain Falcon - W | M30: 2 | N30: Pichu | O30: Samus - W | V30: 2 | W30: Greninja | X30: Yoshi - W | AD30: Spot in MITB | AE30: 2 | AF30: Mr. Game & Watch - W | AG30: Sheik | AN30: 2 | AO30: King Dedede - W | AP30: Mega Man | AU30: 2 | AV30: Dr. Mario - W | AW30: Inkling | BB30: 2 | BC30: Shulk | BD30: Greninja - W | BI30: 2 | BJ30: Mr. Game & Watch - W | BK30: Villager | BR30: 2 | BS30: Pac-Man - W | BT30: Mr. Game & Watch | BX30: True 0% b/c Little mac falls off cliff 3 times. Sheik does 13% damage | BY30: 2 | BZ30: Sheik - W | CA30: Little Mac | CI30: 2 | CJ30: Villager - W | CK30: Peach | CP30: 2 | CQ30: Greninja | CR30: Inkling - W
C31: 0 | D31: 2 | N31: 0 | O31: 2 | W31: 0 | X31: 2 | AD31: MGW comeback from 3 -1 to save season | AF31: 1 | AG31: 0 | AO31: 1 | AP31: 0 | AV31: 2 | AW31: 0 | BC31: 0 | BD31: 1 | BJ31: 2 | BK31: 0 | BS31: 1 | BT31: 0 | BZ31: 3 | CA31: 0 | CJ31: 3 | CK31: 0 | CQ31: 0 | CR31: 1
B32: 3 | C32: Mega Man - W | D32: Mewtwo | M32: 3 | N32: Pikachu - W | O32: Ness | V32: 3 | W32: Shulk - W | X32: Pichu | AD32: Spot in MITB | AE32: 3 | AF32: Mega Man - W | AG32: Falco | AN32: 3 | AO32: Mewtwo - W | AP32: Lucas | AU32: 3 | AV32: Mr. Game & Watch | AW32: Ness - W | BB32: 3 | BC32: Roy | BD32: King Dedede - W | BI32: 3 | BJ32: Chrom | BK32: Inkling - W | BR32: 3 | BS32: King Dedede | BT32: Bowser - W | BY32: 3 | BZ32: Mega Man - W | CA32: Greninja | CI32: 3 | CJ32: Young Link | CK32: Snake - W | CP32: 3 | CQ32: Chrom - W | CR32: Little Mac
C33: 2 | D33: 0 | N33: 2 | O33: 0 | W33: 2 | X33: 0 | AF33: 1 | AG33: 0 | AO33: 2 | AP33: 0 | AV33: 0 | AW33: 2 | BC33: 0 | BD33: 2 | BJ33: 0 | BK33: 2 | BS33: 0 | BT33: 2 | BZ33: 1 | CA33: 0 | CJ33: 0 | CK33: 1 | CQ33: 3 | CR33: 0
B34: 4 | C34: Chrom | D34: Bowser - W | L34: Pokeball Spot | M34: 4 | N34: Greninja | O34: King Dedede - W | V34: 4 | W34: Mr. Game & Watch | X34: Bowser - W | AE34: 4 | AF34: Samus | AG34: Snake - W | AN34: 4 | AO34: Mario - W | AP34: Pikachu | AU34: 4 | AV34: Villager | AW34: Young Link - W | BA34: #16 seed | BB34: 4 | BC34: Pichu | BD34: Pac-Man | BE34: Peach - W | BF34: Little Mac | BH34: Spot in Monster | BI34: 4 | BJ34: Dr. Mario - W | BK34: Greninja | BR34: 4 | BS34: Chrom | BT34: Mario - W | BX34: #1 contender Monster | BY34: 4 | BZ34: Snake | CA34: Chrom - W | CI34: 4 | CJ34: Shulk | CK34: Greninja - W | CO34: Good match | CP34: 4 | CQ34: Mega Man - W | CR34: Sheik
C35: 0 | D35: 2 | N35: 0 | O35: 2 | W35: 0 | X35: 3 | AF35: 0 | AG35: 1 | AO35: 2 | AP35: 0 | AV35: 0 | AW35: 2 | BC35: 0 | BD35: 0 | BE35: 2 | BF35: 0 | BJ35: 1 | BK35: 0 | BS35: 0 | BT35: 1 | BZ35: 0 | CA35: 1 | CJ35: 0 | CK35: 1 | CQ35: 1 | CR35: 0
A36: Spot in Royal Rumble | B36: 5 | C36: Falco | D36: Shulk - W | L36: #1 contender Chaos | M36: 5 | N36: Incineroar | O36: Bowser - W | P36: Shulk | U36: #1 Contnder Monster | V36: 5 | W36: Samus | X36: King Dedede - W | AD36: #1 Contender Monster | AE36: 5 | AF36: Chrom | AG36: Ness - W | AM36: #1 contender Ultimate | AN36: 5 | AO36: Bowser - W | AP36: Chrom | AQ36: Mario | AT36: #1 Contender Monster | AU36: 5 | AV36: Roy | AW36: Shulk - W | BA36: #15 seed | BB36: 5 | BC36: Mega Man - W | BD36: Villager | BE36: Sheik | BH36: Spot in Ultimate | BI36: 5 | BJ36: Snake - W | BK36: Bowser | BQ36: #1 Contender Monster | BR36: 5 | BS36: Young Link | BT36: Shulk - W | BX36: #1 contender Chaos | BY36: 5 | BZ36: Young Link - W | CA36: Roy | CH36: #1 Contender Ultimate | CI36: 5 | CJ36: Pikachu | CK36: Ike - W | CO36: Spot in Ultimate | CP36: 5 | CQ36: Ness - W | CR36: Snake
C37: 0 | D37: 2 | N37: -2 | O37: 3 | P37: -1 | W37: 0 | X37: 1 | AF37: 0 | AG37: 3 | AM37: Mario 30% | AO37: 1 | AP37: 0 | AQ37: 0 | AV37: 0 | AW37: 2 | BC37: 2 | BD37: 0 | BE37: 0 | BJ37: 1 | BK37: 0 | BS37: 0 | BT37: 1 | BZ37: 3 | CA37: -3 | CJ37: 0 | CK37: 1 | CQ37: 2 | CR37: 0
B39: Brawl | C39: Super Happy Tree | M39: Brawl | N39: Brinstar | V39: Brawl | W39: Brinstar Depths | AE39: Brawl | AF39: Yoshi's Island (Brawl) | AN39: Brawl | AO39: Luigi's Mansion | AU39: Brawl | AV39: Spirit Train | BB39: Brawl | BC39: Living Room | BI39: Brawl | BJ39: Kalos Pokemon League | BR39: Brawl | BS39: Wrecking Crew | BY39: Brawl | BZ39: Midgar | CI39: Brawl | CJ39: Gerudo Valley | CP39: Brawl | CQ39: Wuhu Island
B40: 1 | C40: Bowser Jr. | D40: Diddy Kong - W | M40: 1 | N40: Roy - W | O40: Young Link | V40: 1 | W40: Little Mac | X40: Sonic - W | AE40: 1 | AF40: Corrin | AG40: Rosalina & Luma - W | AN40: 1 | AO40: Dr. Mario | AP40: Marth - W | AU40: 1 | AV40: Simon Belmont - W | AW40: Rosalina & Luma | BB40: 1 | BC40: Falco | BD40: Toon Link - W | BI40: 1 | BJ40: Bowser Jr. | BK40: Ken - W | BR40: 1 | BS40: Ryu - W | BT40: Daisy | BY40: 1 | BZ40: Fox - W | CA40: Jigglypuff | CI40: 1 | CJ40: Sonic - W | CK40: Bowser Jr. | CP40: 1 | CQ40: Sonic - W | CR40: Jigglypuff
C41: 0 | D41: 2 | N41: 1 | O41: 0 | W41: 0 | X41: 2 | AF41: 0 | AG41: 1 | AO41: 0 | AP41: 1 | AV41: 1 | AW41: 0 | BC41: 0 | BD41: 2 | BJ41: 0 | BK41: 1 | BS41: 1 | BT41: 0 | BZ41: 2 | CA41: 0 | CJ41: 2 | CK41: 0 | CQ41: 2 | CR41: 0
A42: #1 Contender Tag | B42: 2 | C42: Ken | D42: Ryu | E42: Robin - W | F42: Roy - W | M42: 2 | N42: Bayonetta | O42: Corrin - W | V42: 2 | W42: Rosalina & Luma - W | X42: Ridley | AD42: #1 Contender Tag | AE42: 2 | AF42: Ryu | AG42: Ken | AH42: Peach - W | AI42: Daisy - W | AN42: 2 | AO42: Sonic - W | AP42: Pokemon Trainer | AU42: 2 | AV42: Sonic - W | AW42: Pokemon Trainer | BA42: #14 & #13 | BB42: 2 | BC42: Ryu - W | BD42: Jigglypuff | BI42: 2 | BJ42: Marth - W | BK42: Palutena | BR42: 2 | BS42: Wolf | BT42: Kirby - W | BY42: 2 | BZ42: Robin - W | CA42: Kirby | CI42: 2 | CJ42: Pokemon Trainer - W | CK42: Wii Fit Trainer | CP42: 2 | CQ42: Palutena - W | CR42: Kirby
C43: 0 | D43: 0 | E43: 0 | F43: 1 | N43: 0 | O43: 2 | W43: 1 | X43: 0 | AF43: 0 | AG43: 0 | AH43: 2 | AI43: 1 | AO43: 1 | AP43: 0 | AV43: 1 | AW43: 0 | BC43: 2 | BD43: 0 | BJ43: 3 | BK43: 0 | BS43: 0 | BT43: 1 | BZ43: 2 | CA43: 0 | CJ43: 2 | CK43: 0 | CQ43: 1 | CR43: 0
B44: 3 | C44: Corrin | D44: Dark Samus - W | L44: Pokeball Spot | M44: 3 | N44: Dr. Mario | O44: Wolf | P44: Rosalina & Luma - W | V44: 3 | W44: Marth - W | X44: Bayonetta | AD44: #1 Contender Human | AE44: 3 | AF44: ROB - W | AG44: Pokemon Trainer | AN44: 3 | AO44: Bayonetta | AP44: Little Mac - W | AU44: 3 | AV44: Fox | AW44: Toon Link - W | BA44: #12 & #11 | BB44: 3 | BC44: Wolf - W | BD44: Fox | BH44: Spot in Tag | BI44: 3 | BJ44: Fox - W | BK44: Falco - W | BL44: Mewtwo | BM44: Bayonetta | BR44: 3 | BS44: Richter Belmont - W | BT44: Falco | BY44: 3 | BZ44: Ice Climbers | CA44: Wario - W | CH44: #1 Contender Tag | CI44: 3 | CJ44: Sheik | CK44: Falco | CL44: Lucas - W | CM44: Inkling - W | CP44: 3 | CQ44: Bowser Jr. - W | CR44: Falco
C45: 0 | D45: 2 | N45: 0 | O45: 0 | P45: 1 | W45: 1 | X45: 0 | AF45: 2 | AG45: 0 | AO45: 0 | AP45: 1 | AV45: 0 | AW45: 3 | BC45: 2 | BD45: 0 | BJ45: 1 | BK45: 1 | BL45: 0 | BM45: 0 | BS45: 2 | BT45: 0 | BZ45: 0 | CA45: 2 | CJ45: 0 | CK45: 0 | CL45: 1 | CM45: 2 | CQ45: 1 | CR45: 0
A46: Spot in Royal Rumble | B46: 4 | C46: Wolf | D46: Richter Belmont - W | M46: 4 | N46: Marth | O46: Wii Fit Trainer - W | U46: Spot in Smash Bros. | V46: 4 | W46: Wolf - W | X46: Dr. Mario | AD46: Spot in MITB | AE46: 4 | AF46: Young Link - W | AG46: Ridley | AN46: 4 | AO46: Corrin - W | AP46: Dark Samus | AU46: 4 | AV46: Samus - W | AW46: Bowser Jr. | BA46: #10 & #9 | BB46: 4 | BC46: Rosalina & Luma - W | BD46: Palutena | BH46: Spot in Brawl | BI46: 4 | BJ46: Simon Belmont - W | BK46: Link | BR46: 4 | BS46: Marth - W | BT46: Simon Belmont | BX46: Spot in Smash Series Match | BY46: 4 | BZ46: Link | CA46: Toon Link - W | CI46: 4 | CJ46: Toon Link - W | CK46: Ryu | CO46: Spot in Brawl | CP46: 4 | CQ46: Simon Belmont | CR46: Wario - W
C47: 0 | D47: 2 | N47: 0 | O47: 1 | W47: 1 | X47: 0 | AF47: 1 | AG47: 0 | AO47: 2 | AP47: 0 | AV47: 2 | AW47: 0 | BC47: 2 | BD47: 0 | BJ47: 1 | BK47: 0 | BQ47: Great comeback by Marth, 110% while Simon on 2nd life | BS47: 1 | BT47: 0 | BX47: Great Match | BZ47: 0 | CA47: 1 | CJ47: 3 | CK47: 0 | CQ47: 0 | CR47: 1
A48: #1 Contender Brawl | B48: 5 | C48: Toon Link - W | D48: Ridley | L48: #1 Contender Human | M48: 5 | N48: Ridley | O48: Dark Samus - W | U48: Spot in Brawl | V48: 5 | W48: Richter Belmont | X48: Roy - W | AD48: #1 Contender Brawl | AE48: 5 | AF48: Dark Samus | AG48: Simon Belmont - W | AM48: #1 Contender Hardcore | AN48: 5 | AO48: Young Link | AP48: ROB - W | AQ48: Diddy Kong | AT48: #1 Contender Hardcore | AU48: 5 | AV48: ROB - W | AW48: Link | BA48: #2 seed | BB48: 5 | BC48: Sonic | BD48: ROB | BE48: Simon Belmont - W | BH48: Spot in Brawl | BI48: 5 | BJ48: Samus | BK48: ROB - W | BQ48: #1 contender Brawl | BR48: 5 | BS48: Wario | BT48: Toon Link - W | BX48: #1 Contender Brawl | BY48: 5 | BZ48: Marth - W | CA48: Sonic | CH48: #1 Contender Brawl | CI48: 5 | CJ48: Richter Belmont | CK48: Samus - W | CO48: Spot in Brawl | CP48: 5 | CQ48: Toon Link - W | CR48: Samus
C49: 1 | D49: 0 | N49: 0 | O49: 1 | W49: 0 | X49: 1 | AF49: 0 | AG49: 1 | AO49: -2 | AP49: 2 | AQ49: 0 | AV49: 2 | AW49: -2 | BC49: 0 | BD49: 0 | BE49: 2 | BJ49: 0 | BK49: 1 | BS49: 0 | BT49: 1 | BX49: Counter to win at 100% | BZ49: 1 | CA49: 0 | CJ49: 0 | CK49: 1 | CQ49: 2 | CR49: 0
B51: Melee | C51: Dreamland | M51: Melee | N51: Yoshi's Island (Melee) | V51: Melee | W51: Big Blue | AE51: Melee | AF51: Halberd | AN51: Melee | AO51: Pirate Ship | AU51: Melee | AV51: Dream Land GB | BB51: Melee | BC51: Find Mii | BI51: Melee | BJ51: Flat Zone 2 | BR51: Melee | BS51: Pilotwings | BY51: Melee | BZ51: Umbra Clock Tower | CI51: Melee | CJ51: Bridge of Eldin | CM51: Every match was a 3 -0 | CP51: Melee | CQ51: New Pork City (Battlefield)
B52: 1 | C52: Meta Knight - W | D52: Ice Climbers | M52: 1 | N52: Zelda - W | O52: Palutena | V52: 1 | W52: Pac-Man | X52: Dark Pit - W | AE52: 1 | AF52: Villager - W | AG52: Duck Hunt | AN52: 1 | AO52: Fox - W | AP52: Pac-Man | AU52: 1 | AV52: Incineroar - W | AW52: Dark Samus | BB52: 1 | BC52: Cloud - W | BD52: Ridley | BI52: 1 | BJ52: Duck Hunt - W | BK52: Olimar | BR52: 1 | BS52: Olimar | BT52: Isabelle - W | BY52: 1 | BZ52: Ridley - W | CA52: Duck Hunt | CI52: 1 | CJ52: Diddy Kong - W | CK52: Mewtwo | CP52: 1 | CQ52: Lucina - W | CR52: Meta Knight
C53: 1 | D53: 0 | N53: 1 | O53: 0 | W53: 0 | X53: 3 | AF53: 3 | AG53: 0 | AO53: 2 | AP53: 0 | AV53: 3 | AW53: 0 | BC53: 3 | BD53: 0 | BJ53: 2 | BK53: 0 | BS53: 0 | BT53: 3 | BZ53: 2 | CA53: 0 | CJ53: 3 | CK53: 0 | CQ53: 3 | CR53: 0
B54: 2 | C54: Duck Hunt | D54: Villager | E54: Isabelle - W | L54: #1 Contender Tag | M54: 2 | N54: Yoshi - W | O54: Luigi - W | P54: Incineroar | Q54: Mewtwo | V54: 2 | W54: Link - W | X54: Lucina | AD54: Spot in MITB | AE54: 2 | AF54: King K. Rool - W | AG54: Palutena | AN54: 2 | AO54: Ice Climbers - W | AP54: Inkling | AU54: 2 | AV54: Bayonetta | AW54: Meta Knight - W | BA54: #14 & #13 | BB54: 2 | BC54: Incineroar - W | BD54: Dark Samus | BI54: 2 | BJ54: Bayonetta | BK54: Isabelle - W | BR54: 2 | BS54: Lucario - W | BT54: Dark Samus | BY54: 2 | BZ54: Mewtwo - W | CA54: Dark Samus | CI54: 2 | CJ54: Olimar | CK54: Zelda - W | CP54: 2 | CQ54: Lucario - W | CR54: Lucas
C55: 0 | D55: 0 | E55: 2 | N55: 2 | O55: 1 | P55: 0 | Q55: 0 | W55: 2 | X55: 0 | AF55: 2 | AG55: 0 | AO55: 2 | AP55: 0 | AV55: 0 | AW55: 1 | BC55: 1 | BD55: 0 | BJ55: 0 | BK55: 2 | BS55: 2 | BT55: 0 | BZ55: 2 | CA55: 0 | CJ55: 0 | CK55: 3 | CQ55: 3 | CR55: 0
A56: #1 contender Special | B56: 3 | C56: Inkling | D56: Lucario - W | L56: #1 contender Special | M56: 3 | N56: Ice Climbers | O56: King K. Rool - W | V56: 3 | W56: King K. Rool - W | X56: Isabelle | AE56: 3 | AF56: Ice Climbers | AG56: Lucario - W | AM56: #1 Contender Tag | AN56: 3 | AO56: Pit - W | AP56: Palutena - W | AQ56: Chrom | AR56: Roy | AU56: 3 | AV56: Isabelle - W | AW56: Ridley | BA56: #12 & #11 | BB56: 3 | BC56: Lucas | BD56: Lucina - W | BH56: Spot in Tag | BI56: 3 | BJ56: King Dedede - W | BK56: DK - W | BL56: Ridley | BM56: Dark Samus | BQ56: #1 Contender Tag | BR56: 3 | BS56: DK | BT56: Diddy Kong | BU56: Richter Belmont - W | BV56: Simon Belmont - W | BY56: 3 | BZ56: Incineroar | CA56: Lucina - W | CI56: 3 | CJ56: King K. Rool - W | CK56: Bayonetta | CO56: #1 contender Special | CP56: 3 | CQ56: Mewtwo - W | CR56: Corrin
A57: Mega Curry Match | C57: 0 | D57: 2 | L57: Flower Reflect Match | N57: 0 | O57: 1 | W57: 1 | X57: 0 | AF57: 0 | AG57: 2 | AO57: 2 | AP57: 2 | AQ57: 0 | AR57: 0 | AV57: 2 | AW57: 0 | BC57: 0 | BD57: 1 | BJ57: 1 | BK57: 1 | BL57: 0 | BM57: 0 | BS57: 0 | BT57: 0 | BU57: 1 | BV57: 1 | BZ57: 0 | CA57: 1 | CJ57: 3 | CK57: 0 | CO57: Tail Match | CQ57: 2 | CR57: 0
A58: Spot in Royal Rumble | B58: 4 | C58: King K. Rool | D58: Ganondorf - W | L58: Spot in Pokeball | M58: 4 | N58: DK - W | O58: Inkling | U58: #1 contender Animal | V58: 4 | W58: Luigi - W | X58: Inkling | AD58: Spot in MITB | AE58: 4 | AF58: Luigi | AG58: Lucina - W | AN58: 4 | AO58: Meta Knight | AP58: Luigi - W | AU58: 4 | AV58: Luigi | AW58: Lucas - W | BA58: #10 & #9 | BB58: 4 | BC58: Corrin | BD58: DK - W | BH58: Spot in Animal | BI58: 4 | BJ58: Corrin - W | BK58: Lucas | BR58: 4 | BS58: Lucas | BT58: Ridley - W | BX58: Spot in Smash Series Match | BY58: 4 | BZ58: King K. Rool - W | CA58: Diddy Kong | CI58: 4 | CJ58: Luigi - W | CK58: Ridley | CO58: Spot in Melee | CP58: 4 | CQ58: Diddy Kong | CR58: DK - W
C59: 0 | D59: 1 | N59: 2 | O59: 0 | W59: 2 | X59: 0 | AF59: 0 | AG59: 2 | AO59: 0 | AP59: 2 | AV59: 0 | AW59: 1 | BC59: 0 | BD59: 2 | BJ59: 1 | BK59: 0 | BS59: 0 | BT59: 1 | BZ59: 2 | CA59: 0 | CJ59: 3 | CK59: 0 | CQ59: 0 | CR59: 3
A60: #1 contender Animal | B60: 5 | C60: Fox - W | D60: Lucina | M60: 5 | N60: Cloud - W | O60: Fox | U60: Spot in Smash Bros. | V60: 5 | W60: Wario - W | X60: Ike | AD60: #1 contender Melee | AE60: 5 | AF60: Ganondorf - W | AG60: Link | AM60: #1 contender Animal | AN60: 5 | AO60: Link - W | AP60: DK | AT60: #1 contender Animal | AU60: 5 | AV60: Yoshi | AW60: Pit - W | BA60: #2 seed | BB60: 5 | BC60: Ganondorf | BD60: Luigi - W | BE60: King K. Rool | BH60: Spot in Melee | BI60: 5 | BJ60: Diddy Kong - W | BK60: Luigi | BQ60: #1 contender Animal | BR60: 5 | BS60: Ganondorf - W | BT60: Lucina | BX60: #1 contender Melee | BY60: 5 | BZ60: Ganondorf | CA60: Luigi - W | CH60: #1 contender Special | CI60: 5 | CJ60: Incineroar | CK60: Lucas - W | CO60: Spot in Melee | CP60: 5 | CQ60: Luigi - W | CR60: Incineroar
C61: 2 | D61: 0 | N61: 2 | O61: 0 | W61: 1 | X61: 0 | AF61: 3 | AG61: 0 | AO61: 1 | AP61: 0 | AV61: 0 | AW61: 1 | BC61: 0 | BD61: 1 | BE61: 0 | BJ61: 1 | BK61: 0 | BS61: 3 | BT61: 0 | BZ61: 0 | CA61: 1 | CH61: Mega Curry Match | CJ61: 0 | CK61: 3 | CQ61: 1 | CR61: 0
B63: Ultimate | C63: Saffron City | M63: Ultimate | N63: Yoshi's Story | V63: Ultimate | W63: Fourside | AE63: Ultimate | AF63: Lylat Cruise | AN63: Ultimate | AO63: Spear Pillar | AU63: Ultimate | AV63: Unova Pokemon League | BB63: Ultimate | BC63: Tomodachi Life | BI63: Ultimate | BJ63: Palutena's Temple (Omega) | BR63: Ultimate | BS63: Wuhu Island | BY63: Ultimate | BZ63: New Donk City Hall | CI63: Ultimate | CJ63: Prism Tower | CP63: Ultimate | CQ63: Jungle Japes
B64: 1 | C64: Greninja - W | D64: King Dedede | M64: 1 | N64: Chrom - W | O64: Daisy | V64: 1 | W64: Samus | X64: Ness - W | AE64: 1 | AF64: Greninja - W | AG64: Mr. Game & Watch | AN64: 1 | AO64: Mr. Game & Watch - W | AP64: Mega Man | AU64: 1 | AV64: Greninja - W | AW64: Pichu | BB64: 1 | BC64: Captain Falcon - W | BD64: Villager | BI64: 1 | BJ64: Pichu | BK64: Pac-Man - W | BR64: 1 | BS64: Pikachu - W | BT64: Greninja | BY64: 1 | BZ64: Captain Falcon | CA64: Dr. Mario - W | CI64: 1 | CJ64: Ness - W | CK64: Little Mac | CP64: 1 | CQ64: Dr. Mario - W | CR64: Little Mac
C65: 1 | D65: 0 | N65: 1 | O65: 0 | W65: 0 | X65: 1 | AF65: 1 | AG65: 0 | AO65: 2 | AP65: 0 | AV65: 2 | AW65: 0 | BC65: 1 | BD65: 0 | BJ65: 0 | BK65: 2 | BS65: 1 | BT65: 0 | BZ65: 0 | CA65: 1 | CJ65: 3 | CK65: 0 | CQ65: 3 | CR65: 0
B66: 2 | C66: Sheik | D66: Peach - W | M66: 2 | N66: Mr. Game & Watch | O66: Ness - W | U66: #1 Contender Tag | V66: 2 | W66: DK - W | X66: Diddy Kong - W | Y66: Greninja | Z66: Incineroar | AE66: 2 | AF66: Daisy | AG66: Jigglypuff - W | AN66: 2 | AO66: Greninja - W | AP66: Shulk | AU66: 2 | AV66: Roy - W | AW66: Sheik | BA66: #14 & #13 | BB66: 2 | BC66: Inkling - W | BD66: Mr. Game & Watch | BI66: 2 | BJ66: Peach | BK66: Sheik - W | BR66: 2 | BS66: Little Mac - W | BT66: Villager | BY66: 2 | BZ66: Shulk - W | CA66: Pac-Man | CI66: 2 | CJ66: Pichu | CK66: Sheik - W | CP66: 2 | CQ66: Pac-Man | CR66: Shulk - W
D67: 1 | N67: 0 | O67: 2 | W67: 1 | X67: 1 | Y67: 0 | Z67: 0 | AF67: 0 | AG67: 2 | AO67: 1 | AP67: 0 | AV67: 1 | AW67: 0 | BC67: 3 | BD67: 0 | BJ67: 0 | BK67: 1 | BS67: 3 | BT67: 0 | BZ67: 1 | CA67: 0 | CJ67: 0 | CK67: 3 | CQ67: 0 | CR67: 3
B68: 3 | C68: Snake - W | D68: Jigglypuff | M68: 3 | N68: Jigglypuff | O68: Bowser - W | V68: 3 | W68: Mario | X68: Lucas - W | AD68: Spot in MITB | AE68: 3 | AF68: Mewtwo | AG68: Yoshi - W | AN68: 3 | AO68: Sheik | AP68: Ness - W | AU68: 3 | AV68: Ike - W | AW68: Mega Man | BA68: #12 & #11 | BB68: 3 | BC68: Greninja - W | BD68: Dr. Mario | BI68: 3 | BJ68: Mega Man | BK68: Roy - W | BR68: 3 | BS68: Snake - W | BT68: Mega Man | BX68: #1 Contender Tag | BY68: 3 | BZ68: Dark Samus - W | CA68: Ridley - W | CB68: Mega Man | CC68: Little Mac | CI68: 3 | CJ68: Mega Man | CK68: Shulk - W | CO68: #1 Contender Monster | CP68: 3 | CQ68: Roy | CR68: Inkling - W
C69: 3 | D69: 0 | N69: 0 | O69: 3 | W69: 0 | X69: 1 | AF69: 0 | AG69: 1 | AO69: 0 | AP69: 3 | AV69: 1 | AW69: 0 | BC69: 1 | BD69: 0 | BJ69: 0 | BK69: 1 | BS69: 1 | BT69: 0 | BZ69: 2 | CA69: 2 | CB69: 0 | CC69: 0 | CJ69: 0 | CK69: 1 | CQ69: 0 | CR69: 1
A70: Spot in Royal Rumble | B70: 4 | C70: Bowser | D70: Samus | E70: Incineroar - W | L70: Spot in Pokeball | M70: 4 | N70: Captain Falcon | O70: Sheik - W | V70: 4 | W70: Mewtwo | X70: Sheik - W | AD70: Spot in MITB | AE70: 4 | AF70: Bowser - W | AG70: Incineroar | AN70: 4 | AO70: Snake - W | AP70: Lucas | AT70: #1 contender Chaos | AU70: 4 | AV70: Chrom | AW70: Young Link - W | BA70: #10 & #9 | BB70: 4 | BC70: Chrom - W | BD70: Young Link | BH70: Spot in Chaos | BI70: 4 | BJ70: Mr. Game & Watch | BK70: King Dedede - W | BR70: 4 | BS70: Sheik | BT70: Roy - W | BX70: Spot in Smash Series Match | BY70: 4 | BZ70: Bowser - W | CA70: Snake | CI70: 4 | CJ70: Mr. Game & Watch | CK70: Captain Falcon - W | CO70: Spot in Ultimate | CP70: 4 | CQ70: Pikachu - W | CR70: Captain Falcon
C71: 0 | D71: 0 | E71: 1 | N71: 0 | O71: 2 | W71: 0 | X71: 2 | AF71: 1 | AG71: 0 | AO71: 3 | AP71: 0 | AV71: -1 | AW71: 1 | BC71: 2 | BD71: 0 | BJ71: -3 | BK71: 3 | BS71: 0 | BT71: 1 | BZ71: 1 | CA71: 0 | CJ71: 0 | CK71: 2 | CQ71: 2 | CR71: 0
A72: #1 contender Monster | B72: 5 | C72: Ness | D72: Yoshi - W | L72: Spot in Chaos | M72: 5 | N72: Mewtwo | O72: Samus - W | U72: Spot in Smash Bros. | V72: 5 | W72: Pikachu - W | X72: Captain Falcon | AD72: #1 contender Ultimate | AE72: 5 | AF72: Snake - W | AG72: Pikachu | AM72: #1 Contender Monster | AN72: 5 | AO72: Yoshi - W | AP72: Samus | AT72: #1 Contender Tag | AU72: 5 | AV72: Ganondorf | AW72: Wario | AX72: Mario - W | AY72: Luigi - W | BA72: #2 seed | BB72: 5 | BC72: Bowser | BD72: Pikachu | BE72: Ike - W | BH72: Spot in Ultimate | BI72: 5 | BJ72: Pikachu | BK72: Mario - W | BQ72: #1 contender Ultimate | BR72: 5 | BS72: Mario | BT72: Bowser - W | BX72: #1 Contender Ultimate | BY72: 5 | BZ72: King Dedede - W | CA72: Mario | CH72: #1 contender Monster | CI72: 5 | CJ72: Greninja - W | CK72: Chrom | CO72: Spot in Ultimate | CP72: 5 | CQ72: Young Link | CR72: Bowser - W
C73: 0 | D73: 1 | N73: -3 | O73: 3 | W73: 1 | X73: 0 | AF73: 2 | AG73: 0 | AO73: 1 | AP73: 0 | AV73: 0 | AW73: 0 | AX73: 1 | AY73: 3 | BA73: Pikachu eliminated early | BC73: 0 | BD73: 0 | BE73: 1 | BJ73: 0 | BK73: 3 | BS73: 0 | BT73: 1 | BZ73: 1 | CA73: 0 | CJ73: 1 | CK73: 0 | CQ73: 0 | CR73: 2
B75: Brawl | C75: Mushroom Kingdom | M75: Brawl | N75: Fountain of Dreams | V75: Brawl | W75: Mushroomy Kingdom | AE75: Brawl | AF75: Castle Siege | AN75: Brawl | AO75: Mario Bros. | AU75: Brawl | AV75: Prism Tower | BB75: Brawl | BC75: Pictochat 2 | BI75: Brawl | BJ75: Gamer | BR75: Brawl | BS75: Windy Hill Zone | BY75: Brawl | BZ75: Great Plateau Tower | CI75: Brawl | CJ75: Figure -8 Circuit | CP75: Brawl | CQ75: Lylat Cruise
B76: 1 | C76: Pokemon Trainer | D76: Kirby - W | M76: 1 | N76: Kirby | O76: Wolf - W | V76: 1 | W76: Bowser Jr. | X76: Simon Belmont - W | AD76: Spot in MITB | AE76: 1 | AF76: Diddy Kong - W | AG76: Bowser Jr. | AN76: 1 | AO76: Simon Belmont - W | AP76: Wolf | AU76: 1 | AV76: Toon Link - W | AW76: Kirby | BB76: 1 | BC76: Wolf - W | BD76: Pokemon Trainer | BI76: 1 | BJ76: Wii Fit Trainer | BK76: Daisy - W | BR76: 1 | BS76: Bowser Jr. | BT76: Wolf - W | BY76: 1 | BZ76: Daisy | CA76: Falco - W | CI76: 1 | CJ76: ROB - W | CK76: Falco | CO76: #1 Contender Human | CP76: 1 | CQ76: Fox - W | CR76: Pokemon Trainer
C77: 0 | D77: 2 | N77: 0 | O77: 2 | W77: 0 | X77: 2 | AF77: 3 | AG77: 0 | AM77: Simon got up to 405% | AO77: 3 | AP77: 0 | AV77: 1 | AW77: 0 | BC77: 2 | BD77: 0 | BJ77: 0 | BK77: 1 | BS77: 0 | BT77: 1 | BZ77: 0 | CA77: 1 | CJ77: 3 | CK77: 0 | CQ77: 1 | CR77: 0
A78: #1 Contender Human | B78: 2 | C78: Little Mac | D78: Simon Belmont - W | M78: 2 | N78: Pokemon Trainer | O78: Wii Fit Trainer - W | V78: 2 | W78: Wii Fit Trainer | X78: Young Link - W | AE78: 2 | AF78: Little Mac | AG78: Toon Link - W | AN78: 2 | AO78: Toon Link - W | AP78: Robin | AU78: 2 | AV78: Falco - W | AW78: Diddy Kong | BB78: 2 | BC78: Simon Belmont | BD78: Ryu - W | BI78: 2 | BJ78: Sonic - W | BK78: Wolf | BR78: 2 | BS78: Fox | BT78: Sonic - W | BY78: 2 | BZ78: Wii Fit Trainer | CA78: Fox - W | CI78: 2 | CJ78: Jigglypuff - W | CK78: Daisy | CP78: 2 | CQ78: Ice Climbers | CR78: ROB - W
C79: 0 | D79: 1 | N79: 0 | O79: 1 | W79: 0 | X79: 1 | AF79: 0 | AG79: 1 | AO79: 1 | AP79: 0 | AV79: 1 | AW79: 0 | BC79: 0 | BD79: 1 | BJ79: 1 | BK79: 0 | BS79: 0 | BT79: 3 | BZ79: 0 | CA79: 1 | CJ79: 1 | CK79: 0 | CQ79: 0 | CR79: 3
B80: 3 | C80: Corrin - W | D80: Rosalina & Luma | M80: 3 | N80: Little Mac - W | O80: Ken | V80: 3 | W80: Diddy Kong - W | X80: Ken | AD80: Spot in MITB | AE80: 3 | AF80: Bayonetta | AG80: Rosalina & Luma - W | AN80: 3 | AO80: Wii Fit Trainer | AP80: Corrin - W | AU80: 3 | AV80: Marth - W | AW80: Ice Climbers | BA80: #8 & #7 | BB80: 3 | BC80: Samus - W | BD80: Richter Belmont | BI80: 3 | BJ80: Pokemon Trainer - W | BK80: Jigglypuff | BR80: 3 | BS80: Robin - W | BT80: Samus | BY80: 3 | BZ80: Ryu | CA80: Samus - W | CI80: 3 | CJ80: Robin | CK80: Richter Belmont - W | CO80: #1 Contender Hardcore | CP80: 3 | CQ80: Wolf | CR80: Palutena - W
C81: 1 | D81: 0 | N81: 2 | O81: 0 | W81: 2 | X81: 0 | AF81: 0 | AG81: 2 | AO81: 0 | AP81: 2 | AV81: 3 | AW81: 0 | BC81: 2 | BD81: 0 | BJ81: 1 | BK81: 0 | BS81: 1 | BT81: 0 | BZ81: 0 | CA81: 2 | CJ81: 0 | CK81: 1 | CQ81: -4 | CR81: 4
A82: Spot in Royal Rumble | B82: 4 | C82: Dark Samus - W | D82: Young Link | M82: 4 | N82: Young Link - W | O82: ROB | U82: #1 Contender Hardcore | V82: 4 | W82: Dark Samus | X82: Sonic - W | AE82: 4 | AF82: ROB - W | AG82: Wii Fit Trainer | AN82: 4 | AO82: Bowser Jr. | AP82: Kirby - W | AU82: 4 | AV82: Wii Fit Trainer | AW82: Link - W | BA82: #6 & #5 | BB82: 4 | BC82: Link | BD82: Wario - W | BH82: Spot in Human | BI82: 4 | BJ82: Richter Belmont | BK82: Robin - W | BR82: 4 | BS82: Palutena - W | BT82: Pokemon Trainer | BX82: Spot in Smash Series Match | BY82: 4 | BZ82: Wario | CA82: Simon Belmont - W | CI82: 4 | CJ82: Simon Belmont | CK82: Marth - W | CP82: 4 | CQ82: Robin - W | CR82: Wii Fit Trainer
C83: 1 | D83: 0 | N83: 2 | O83: 0 | W83: -2 | X83: 2 | AF83: 2 | AG83: 0 | AO83: 0 | AP83: 3 | AV83: 0 | AW83: 2 | BC83: 0 | BD83: 1 | BJ83: 0 | BK83: 1 | BS83: 1 | BT83: 0 | BZ83: 0 | CA83: 1 | CJ83: 0 | CK83: 2 | CQ83: 2 | CR83: 0
A84: #1 Contender Hardcore | B84: 5 | C84: Sonic - W | D84: Bayonetta | L84: #1 Contender Brawl | M84: 5 | N84: Corrin | O84: Roy - W | U84: Spot in Brawl | V84: 5 | W84: ROB | X84: Richter Belmont - W | AD84: Spot in MITB | AE84: 5 | AF84: Marth | AG84: Kirby - W | AM84: #1 Contender Human | AN84: 5 | AO84: Ridley | AP84: Sonic - W | AT84: #1 Contender Brawl | AU84: 5 | AV84: Simon Belmont - W | AW84: Sonic | BA84: #3 & #4 | BB84: 5 | BC84: ROB - W | BD84: Sonic | BH84: Spot in Hardcore | BI84: 5 | BJ84: Link - W | BK84: Ryu | BQ84: #1 Contender Human | BR84: 5 | BS84: Rosalina & Luma - W | BT84: Ryu | BX84: #1 Contender Hardcore | BY84: 5 | BZ84: Wolf | CA84: Sonic - W | CH84: #1 Contender Human | CI84: 5 | CJ84: Wolf - W | CK84: Pokemon Trainer | CO84: Spot in Brawl | CP84: 5 | CQ84: Richter Belmont | CR84: Sonic - W | CS84: Samus
C85: 3 | D85: -3 | N85: 0 | O85: 1 | W85: 0 | X85: 1 | AF85: 0 | AG85: 1 | AO85: 0 | AP85: 3 | AV85: 1 | AW85: 0 | BC85: 1 | BD85: 0 | BJ85: 1 | BK85: -1 | BS85: 1 | BT85: 0 | BZ85: -1 | CA85: 1 | CJ85: 1 | CK85: 0 | CQ85: 0 | CR85: 2 | CS85: 0
B87: Melee | C87: Princess Peach's Castle | M87: Melee | N87: Green Greens | V87: Melee | W87: Figure -8 Circuit | AE87: Melee | AF87: Distant Planet | AN87: Melee | AO87: Green Hill Zone | AU87: Melee | AV87: Mute City SNES | BB87: Melee | BC87: Mushroom Kingdom U | BI87: Melee | BJ87: Garden of Hope | BR87: Melee | BS87: Wily Castle | BY87: Melee | BZ87: Moray Towers | CI87: Melee | CJ87: Fourside | CP87: Melee | CQ87: Luigi's Mansion
B88: 1 | C88: Zelda | D88: Link - W | M88: 1 | N88: Duck Hunt | O88: Pac-Man - W | V88: 1 | W88: Fox - W | X88: Meta Knight | AE88: 1 | AF88: Inkling - W | AG88: Duck Hunt | AN88: 1 | AO88: Olimar - W | AP88: Duck Hunt | AU88: 1 | AV88: Zelda - W | AW88: Duck Hunt | BB88: 1 | BC88: Duck Hunt - W | BD88: Bayonetta | BI88: 1 | BJ88: Meta Knight - W | BK88: Lucina | BR88: 1 | BS88: Bayonetta | BT88: Mewtwo - W | BY88: 1 | BZ88: Yoshi - W | CA88: Isabelle | CI88: 1 | CJ88: Lucas | CK88: Villager - W | CP88: 1 | CQ88: Luigi - W | CR88: Isabelle
C89: 0 | D89: 1 | N89: 0 | O89: 2 | W89: 2 | X89: 0 | AF89: 2 | AG89: 0 | AO89: 2 | AP89: 0 | AV89: 2 | AW89: 0 | BC89: 2 | BD89: 0 | BS89: 0 | BT89: 2 | BZ89: 3 | CA89: 0 | CJ89: 0 | CK89: 1 | CQ89: 1 | CR89: 0
B90: 2 | C90: Olimar | D90: Wario - W | M90: 2 | N90: Meta Knight | O90: Dark Pit - W | V90: 2 | W90: Palutena - W | X90: Duck Hunt | AE90: 2 | AF90: Captain Falcon - W | AG90: Olimar | AN90: 2 | AO90: Dark Pit - W | AP90: Palutena | AU90: 2 | AV90: DK - W | AW90: Bayonetta | BB90: 2 | BC90: Meta Knight - W | BD90: Lucas | BI90: 2 | BJ90: Dark Pit | BK90: Ridley - W | BR90: 2 | BS90: Duck Hunt | BT90: Zelda - W | BY90: 2 | BZ90: Dark Pit - W | CA90: Incineroar | CI90: 2 | CJ90: Mewtwo - W | CK90: Olimar | CP90: 2 | CQ90: Dark Samus | CR90: Dark Pit - W
C91: 0 | D91: 1 | N91: 0 | O91: 1 | W91: 2 | X91: 0 | AF91: 3 | AG91: 0 | AO91: 3 | AP91: 0 | AV91: 2 | AW91: 0 | BC91: 1 | BD91: 0 | BH91: Ridley added to Animal after beating Animal Champ | BJ91: 0 | BK91: 1 | BS91: 0 | BT91: 1 | BZ91: 2 | CA91: 0 | CJ91: 1 | CK91: 0 | CQ91: 0 | CR91: 1
B92: 3 | C92: Pit - W | D92: Dark Pit | M92: 3 | N92: Ice Climbers | O92: Villager - W | V92: 3 | W92: Ice Climbers - W | X92: Villager | AD92: #1 contender Special | AE92: 3 | AF92: Zelda | AG92: Lucina - W | AN92: 3 | AO92: Lucina - W | AP92: Meta Knight | AU92: 3 | AV92: Cloud - W | AW92: Lucina | BA92: #8 & #7 | BB92: 3 | BC92: Diddy Kong | BD92: Pit - W | BH92: Spot in Special | BI92: 3 | BJ92: Zelda - W | BK92: Olimar | BR92: 3 | BS92: Meta Knight - W | BT92: Isabelle | BY92: 3 | BZ92: Olimar | CA92: DK - W | CI92: 3 | CJ92: Duck Hunt | CK92: Yoshi - W | CO92: #1 contender Tag | CP92: 3 | CQ92: Pokemon Trainer | CR92: Incineroar | CS92: King K. Rool - W | CT92: Mr. Game & Watch - W
C93: 1 | D93: 0 | N93: 0 | O93: 2 | W93: 2 | X93: 0 | AD93: 300% Match | AF93: 0 | AG93: 1 | AO93: 3 | AP93: 0 | AV93: 1 | AW93: 0 | BC93: 0 | BD93: 1 | BH93: Mega Match | BJ93: 2 | BK93: 0 | BS93: 1 | BT93: 0 | BZ93: 0 | CA93: 3 | CJ93: 0 | CK93: 1 | CQ93: 0 | CR93: 0 | CS93: 2 | CT93: 2
A94: Spot in Royal Rumble | B94: 4 | C94: Meta Knight | D94: Isabelle - W | L94: #1 contender Animal | M94: 4 | N94: Link | O94: Lucario - W | U94: #1 contender Special | V94: 4 | W94: Dark Pit - W | X94: Zelda | AD94: Spot in MITB | AE94: 4 | AF94: Wario - W | AG94: DK | AN94: 4 | AO94: King K. Rool - W | AP94: Pac-Man | AU94: 4 | AV94: Dark Pit - W | AW94: Ridley | BA94: #6 & #5 | BB94: 4 | BC94: Lucario - W | BD94: Yoshi | BI94: 4 | BJ94: Luigi | BK94: Yoshi - W | BR94: 4 | BS94: Dark Pit - W | BT94: DK | BX94: #1 contender Special | BY94: 4 | BZ94: Lucina - W | CA94: Mewtwo | CI94: 4 | CJ94: Dark Pit - W | CK94: Ridley | CO94: #1 contender Animal | CP94: 4 | CQ94: Pit | CR94: Zelda - W
C95: 0 | D95: 2 | N95: 0 | O95: 1 | U95: Tail Match | W95: 1 | X95: 0 | AF95: 1 | AG95: 0 | AO95: 2 | AP95: 0 | AV95: 1 | AW95: 0 | BC95: 1 | BD95: 0 | BJ95: 0 | BK95: 2 | BS95: 1 | BT95: 0 | BX95: Flower Match | BZ95: 1 | CA95: 0 | CJ95: 2 | CK95: 0 | CQ95: 0 | CR95: 2
A96: #1 contender Melee | B96: 5 | C96: Ike - W | D96: Luigi | M96: 5 | N96: Luigi | O96: Ike - W | U96: Special Guest Yoshi | V96: 5 | W96: Yoshi | X96: Luigi - W | AD96: Spot in MITB | AE96: 5 | AF96: Ike | AG96: Link - W | AM96: #1 contender Special | AN96: 5 | AO96: DK - W | AP96: Inkling | AT96: #1 contender Special | AU96: 5 | AV96: Incineroar | AW96: Meta Knight - W | BA96: #3 & #4 | BB96: 5 | BC96: King K. Rool | BD96: Ganondorf - W | BH96: Spot in Melee | BI96: 5 | BJ96: Ganondorf - W | BK96: Lucario | BQ96: #1 contender Special | BR96: 5 | BS96: Ridley | BT96: Yoshi - W | BX96: Spot in Smash Series Match | BY96: 5 | BZ96: Ganondorf - W | CA96: Lucario | CH96: #1 contender Animal | CI96: 5 | CJ96: Lucina - W | CK96: DK | CO96: Spot in Melee | CP96: 5 | CQ96: Lucina - W | CR96: Lucario | CS96: Ridley
C97: 3 | D97: 0 | N97: 0 | O97: 2 | W97: 0 | X97: 3 | AF97: 0 | AG97: 1 | AM97: Mega Metal Match | AO97: 1 | AP97: 0 | AT97: Bunny Match | AV97: 0 | AW97: 1 | BC97: 0 | BD97: 1 | BJ97: 3 | BK97: 0 | BQ97: Mega Metal Match | BS97: 0 | BT97: 3 | BZ97: 2 | CA97: 0 | CJ97: 1 | CK97: 0 | CQ97: 1 | CR97: 0 | CS97: 0
B99: Ultimate | C99: Kongo Falls | M99: Ultimate | N99: Venom | V99: Ultimate | W99: WarioWare, Inc. | AE99: Ultimate | AF99: Smashville | AN99: Ultimate | AO99: 3D Land | AU99: Ultimate | AV99: Magicant | AY99: This map should have hazards turned off nex time | BB99: Ultimate | BC99: Mario Galaxy | BI99: Ultimate | BJ99: Town and City | BR99: Ultimate | BS99: PAC-LAND | BY99: Ultimate | BZ99: Dracula's Castle | CI99: Ultimate | CJ99: Kalos Pokemon League | CP99: Ultimate | CQ99: Onett
B100: 1 | C100: Lucas - W | D100: Daisy | M100: 1 | N100: Greninja | O100: King Dedede - W | V100: 1 | W100: Falco | X100: Mr. Game & Watch - W | AE100: 1 | AF100: Mario - W | AG100: Incineroar | AN100: 1 | AO100: Mega Man - W | AP100: Peach | AU100: 1 | AV100: Villager - W | AW100: Peach | BB100: 1 | BC100: Captain Falcon - W | BD100: Inkling | BI100: 1 | BJ100: Captain Falcon - W | BK100: Shulk | BR100: 1 | BS100: Pac-Man - W | BT100: Peach | BY100: 1 | BZ100: Ness - W | CA100: Shulk | CI100: 1 | CJ100: Bowser - W | CK100: Pac-Man | CP100: 1 | CQ100: Villager | CR100: King Dedede - W
C101: 3 | D101: 0 | N101: 0 | O101: 1 | W101: 0 | X101: 3 | AF101: 2 | AG101: 0 | AO101: 3 | AP101: 0 | AV101: 3 | AW101: 0 | BC101: 1 | BD101: 0 | BJ101: 3 | BK101: 0 | BS101: 1 | BT101: 0 | BZ101: 3 | CA101: 0 | CJ101: 2 | CK101: 0 | CQ101: 0 | CR101: 2
B102: 2 | C102: Sheik | D102: Pikachu - W | M102: 2 | N102: Chrom - W | O102: Falco | V102: 2 | W102: Mario - W | X102: Pichu | AE102: 2 | AF102: Greninja | AG102: Samus - W | AN102: 2 | AO102: Shulk - W | AP102: Incineroar | AU102: 2 | AV102: Mega Man | AW102: Dr. Mario - W | BB102: 2 | BC102: Mega Man - W | BD102: Sheik | BI102: 2 | BJ102: Peach | BK102: Sheik - W | BR102: 2 | BS102: Pichu | BT102: Inkling - W | BY102: 2 | BZ102: Captain Falcon - W | CA102: Mr. Game & Watch | CI102: 2 | CJ102: Inkling | CK102: Roy - W | CP102: 2 | CQ102: Peach - W | CR102: Pichu
C103: 0 | D103: 2 | N103: 1 | O103: 0 | W103: 2 | X103: 0 | AF103: 0 | AG103: 1 | AO103: 1 | AP103: 0 | AV103: 0 | AW103: 2 | BC103: 2 | BD103: 0 | BJ103: 0 | BK103: 2 | BS103: 0 | BT103: 2 | BZ103: 2 | CA103: 0 | CJ103: 0 | CK103: 2 | CQ103: 3 | CR103: 0
A104: #1 contender Chaos | B104: 3 | C104: Falco | D104: Snake - W | M104: 3 | N104: Shulk - W | O104: Incineroar | U104: Spot in Smash Bros. | V104: 3 | W104: Shulk | X104: Chrom - W | AD104: Spot in MITB | AE104: 3 | AF104: Lucas - W | AG104: Shulk | AN104: 3 | AO104: Samus - W | AP104: Mr. Game & Watch | AU104: 3 | AV104: Mr. Game & Watch | AW104: Chrom - W | BA104: #8 & #7 | BB104: 3 | BC104: Roy | BD104: King Dedede - W | BH104: Spot in Monster | BI104: 3 | BJ104: Little Mac - W | BK104: Mega Man | BR104: 3 | BS104: King Dedede | BT104: Ike - W | BY104: 3 | BZ104: Mega Man - W | CA104: Pichu | CI104: 3 | CJ104: Mario - W | CK104: Dr.Mario | CP104: 3 | CQ104: Greninja | CR104: Ness - W
A105: 3:00 All Items | C105: -2 | D105: 2 | N105: 2 | O105: 0 | W105: 0 | X105: 1 | AF105: 1 | AG105: 0 | AO105: 2 | AP105: 0 | AV105: 0 | AW105: 1 | BC105: 0 | BD105: 1 | BJ105: 1 | BK105: 0 | BS105: 0 | BT105: 2 | BZ105: 1 | CA105: 0 | CJ105: 1 | CK105: 0 | CQ105: 0 | CR105: 3
A106: Spot in Royal Rumble | B106: 4 | C106: Captain Falcon - W | D106: Mewtwo | L106: #1 Contender Monster | M106: 4 | N106: Ness - W | O106: Mega Man | U106: #1 Contender Chaos | V106: 4 | W106: Captain Falcon - W | X106: Yoshi | AD106: Spot in MITB | AE106: 4 | AF106: Jigglypuff - W | AG106: Pichu | AH106: Falco | AN106: 4 | AO106: Ness - W | AP106: Chrom | AU106: 4 | AV106: King Dedede - W | AW106: Little Mac | BA106: #6 & #5 | BB106: 4 | BC106: Mario - W | BD106: Snake | BH106: Spot in Chaos | BI106: 4 | BJ106: Inkling | BK106: Roy - W | BL106: Chrom | BR106: 4 | BS106: Young Link - W | BT106: Sheik | BY106: 4 | BZ106: Inkling | CA106: Little Mac - W | CI106: 4 | CJ106: Little Mac - W | CK106: Mr.Game & Watch - W | CO106: #1 contender Chaos | CP106: 4 | CQ106: Chrom | CR106: Young Link | CS106: Mega Man | CT106: Captain Falcon - W
C107: 1 | D107: 0 | N107: 2 | O107: 0 | W107: 1 | X107: 0 | AF107: 2 | AG107: 0 | AH107: 0 | AO107: 1 | AP107: 0 | AV107: 3 | AW107: 0 | BC107: 2 | BD107: 0 | BJ107: 0 | BK107: 1 | BL107: -1 | BS107: 3 | BT107: 0 | BZ107: 0 | CA107: 1 | CJ107: 1 | CK107: 0 | CO107: Captain Falcon requests to be in. Great match. Capt Falcon jumps over car and bicycle kicks Mega man to win | CQ107: 1 | CR107: -2 | CS107: 0 | CT107: 1
A108: #1 contender Ultimate | B108: 5 | C108: Mario - W | D108: Mega Man | L108: #1 Contender Ultimate | M108: 5 | N108: Pikachu | O108: Captain Falcon - W | U108: #1 Contender Ultimate | V108: 5 | W108: Bowser - W | X108: Lucas | AD108: #1 Contender Chaos | AE108: 5 | AF108: Sheik | AG108: Chrom - W | AM108: #1 contender Chaos | AN108: 5 | AO108: Mewtwo | AP108: Falco | AQ108: Greninja - W | AT108: #1 Contender Ultimate | AU108: 5 | AV108: Snake | AW108: Ness - W | BA108: #3 & #4 | BB108: 5 | BC108: Bowser | BD108: Pikachu - W | BH108: Spot in Ultimate | BI108: 5 | BJ108: Young Link - W | BK108: Ike | BQ108: #1 Contender Chaos | BR108: 5 | BS108: Little Mac - W | BT108: Roy | BX108: Spot in Smash Series Match | BY108: 5 | BZ108: Mario - W | CA108: Chrom | CH108: #1 contender Chaos | CI108: 5 | CJ108: Snake | CK108: Shulk - W | CO108: Spot in Ultimate | CP108: 5 | CQ108: Ike - W | CR108: Mario
C109: 2 | D109: 0 | N109: 0 | O109: 1 | W109: 1 | X109: 0 | AF109: 0 | AG109: 1 | AO109: -1 | AP109: -1 | AQ109: 2 | AV109: 0 | AW109: 3 | BC109: 0 | BD109: 1 | BH109: Both TT Champs 3 -0'd in their matches this month | BJ109: 3 | BK109: 0 | BS109: 2 | BT109: -2 | BZ109: 2 | CA109: 0 | CJ109: -2 | CK109: 2 | CQ109: 2 | CR109: 0
...

Sheet Season 6 Stats
A1: Brawl Fighters | B1: W | C1: L
A2: Toon Link | B2: =COUNTIF('Season 6'!A:AAO, CONCATENATE(TRIM(A2), " ","-"," ","W*")) -> 23 | C2: =SUM(COUNTIF('Season 6'!A:AAO, TRIM(A2)), COUNTIF('Season 6'!A:AAO, TRIM(A2) & " (Defending)"), COUNTIF('Season 6'!A:AAO, TRIM(A2) & " (PL)"), COUNTIF('Season 6'!A:AAO, TRIM(A2) & " (PL) (Defending)")) -> 5
A3: ROB | B3: =COUNTIF('Season 6'!A:AAO, CONCATENATE(TRIM(A3), " ","-"," ","W*")) -> 20 | C3: =SUM(COUNTIF('Season 6'!A:AAO, TRIM(A3)), COUNTIF('Season 6'!A:AAO, TRIM(A3) & " (Defending)"), COUNTIF('Season 6'!A:AAO, TRIM(A3) & " (PL)"), COUNTIF('Season 6'!A:AAO, TRIM(A3) & " (PL) (Defending)")) -> 8
A4: Kirby | B4: =COUNTIF('Season 6'!A:AAO, CONCATENATE(TRIM(A4), " ","-"," ","W*")) -> 17 | C4: =SUM(COUNTIF('Season 6'!A:AAO, TRIM(A4)), COUNTIF('Season 6'!A:AAO, TRIM(A4) & " (Defending)"), COUNTIF('Season 6'!A:AAO, TRIM(A4) & " (PL)"), COUNTIF('Season 6'!A:AAO, TRIM(A4) & " (PL) (Defending)")) -> 7
A5: Sonic | B5: =COUNTIF('Season 6'!A:AAO, CONCATENATE(TRIM(A5), " ","-"," ","W*")) -> 16 | C5: =SUM(COUNTIF('Season 6'!A:AAO, TRIM(A5)), COUNTIF('Season 6'!A:AAO, TRIM(A5) & " (Defending)"), COUNTIF('Season 6'!A:AAO, TRIM(A5) & " (PL)"), COUNTIF('Season 6'!A:AAO, TRIM(A5) & " (PL) (Defending)")) -> 14
A6: Simon Belmont | B6: =COUNTIF('Season 6'!A:AAO, CONCATENATE(TRIM(A6), " ","-"," ","W*")) -> 15 | C6: =SUM(COUNTIF('Season 6'!A:AAO, TRIM(A6)), COUNTIF('Season 6'!A:AAO, TRIM(A6) & " (Defending)"), COUNTIF('Season 6'!A:AAO, TRIM(A6) & " (PL)"), COUNTIF('Season 6'!A:AAO, TRIM(A6) & " (PL) (Defending)")) -> 10
A7: Wario | B7: =COUNTIF('Season 6'!A:AAO, CONCATENATE(TRIM(A7), " ","-"," ","W*")) -> 15 | C7: =SUM(COUNTIF('Season 6'!A:AAO, TRIM(A7)), COUNTIF('Season 6'!A:AAO, TRIM(A7) & " (Defending)"), COUNTIF('Season 6'!A:AAO, TRIM(A7) & " (PL)"), COUNTIF('Season 6'!A:AAO, TRIM(A7) & " (PL) (Defending)")) -> 10
A8: Marth | B8: =COUNTIF('Season 6'!A:AAO, CONCATENATE(TRIM(A8), " ","-"," ","W*")) -> 14 | C8: =SUM(COUNTIF('Season 6'!A:AAO, TRIM(A8)), COUNTIF('Season 6'!A:AAO, TRIM(A8) & " (Defending)"), COUNTIF('Season 6'!A:AAO, TRIM(A8) & " (PL)"), COUNTIF('Season 6'!A:AAO, TRIM(A8) & " (PL) (Defending)")) -> 6
A9: Link | B9: =COUNTIF('Season 6'!A:AAO, CONCATENATE(TRIM(A9), " ","-"," ","W*")) -> 14 | C9: =SUM(COUNTIF('Season 6'!A:AAO, TRIM(A9)), COUNTIF('Season 6'!A:AAO, TRIM(A9) & " (Defending)"), COUNTIF('Season 6'!A:AAO, TRIM(A9) & " (PL)"), COUNTIF('Season 6'!A:AAO, TRIM(A9) & " (PL) (Defending)")) -> 14
A10: Robin | B10: =COUNTIF('Season 6'!A:AAO, CONCATENATE(TRIM(A10), " ","-"," ","W*")) -> 13 | C10: =SUM(COUNTIF('Season 6'!A:AAO, TRIM(A10)), COUNTIF('Season 6'!A:AAO, TRIM(A10) & " (Defending)"), COUNTIF('Season 6'!A:AAO, TRIM(A10) & " (PL)"), COUNTIF('Season 6'!A:AAO, TRIM(A10) & " (PL) (Defending)")) -> 9
A11: Samus | B11: =COUNTIF('Season 6'!A:AAO, CONCATENATE(TRIM(A11), " ","-"," ","W*")) -> 12 | C11: =SUM(COUNTIF('Season 6'!A:AAO, TRIM(A11)), COUNTIF('Season 6'!A:AAO, TRIM(A11) & " (Defending)"), COUNTIF('Season 6'!A:AAO, TRIM(A11) & " (PL)"), COUNTIF('Season 6'!A:AAO, TRIM(A11) & " (PL) (Defending)")) -> 14
A12: Wolf | B12: =COUNTIF('Season 6'!A:AAO, CONCATENATE(TRIM(A12), " ","-"," ","W*")) -> 10 | C12: =SUM(COUNTIF('Season 6'!A:AAO, TRIM(A12)), COUNTIF('Season 6'!A:AAO, TRIM(A12) & " (Defending)"), COUNTIF('Season 6'!A:AAO, TRIM(A12) & " (PL)"), COUNTIF('Season 6'!A:AAO, TRIM(A12) & " (PL) (Defending)")) -> 14
A13: Richter Belmont | B13: =COUNTIF('Season 6'!A:AAO, CONCATENATE(TRIM(A13), " ","-"," ","W*")) -> 10 | C13: =SUM(COUNTIF('Season 6'!A:AAO, TRIM(A13)), COUNTIF('Season 6'!A:AAO, TRIM(A13) & " (Defending)"), COUNTIF('Season 6'!A:AAO, TRIM(A13) & " (PL)"), COUNTIF('Season 6'!A:AAO, TRIM(A13) & " (PL) (Defending)")) -> 13
... A25: Ken | B25: =COUNTIF('Season 6'!A:AAO, CONCATENATE(TRIM(A25), " ","-"," ","W*")) -> 1 | C25: =SUM(COUNTIF('Season 6'!A:AAO, TRIM(A25)), COUNTIF('Season 6'!A:AAO, TRIM(A25) & " (Defending)"), COUNTIF('Season 6'!A:AAO, TRIM(A25) & " (PL)"), COUNTIF('Season 6'!A:AAO, TRIM(A25) & " (PL) (Defending)")) -> 11
A27: Melee Fighters | B27: W | C27: L
A28: Cloud | B28: =COUNTIF('Season 6'!A:AAO, CONCATENATE(TRIM(A28), " ","-"," ","W*")) -> 22 | C28: =SUM(COUNTIF('Season 6'!A:AAO, TRIM(A28)), COUNTIF('Season 6'!A:AAO, TRIM(A28) & " (Defending)"), COUNTIF('Season 6'!A:AAO, TRIM(A28)& " (PL)"), COUNTIF('Season 6'!A:AAO, TRIM(A28) & " (PL) (Defending)")) -> 5
A29: Dark Pit | B29: =COUNTIF('Season 6'!A:AAO, CONCATENATE(TRIM(A29), " ","-"," ","W*")) -> 19 | C29: =SUM(COUNTIF('Season 6'!A:AAO, TRIM(A29)), COUNTIF('Season 6'!A:AAO, TRIM(A29) & " (Defending)"), COUNTIF('Season 6'!A:AAO, TRIM(A29)& " (PL)"), COUNTIF('Season 6'!A:AAO, TRIM(A29) & " (PL) (Defending)")) -> 4
A30: King K. Rool | B30: =COUNTIF('Season 6'!A:AAO, CONCATENATE(TRIM(A30), " ","-"," ","W*")) -> 17 | C30: =SUM(COUNTIF('Season 6'!A:AAO, TRIM(A30)), COUNTIF('Season 6'!A:AAO, TRIM(A30) & " (Defending)"), COUNTIF('Season 6'!A:AAO, TRIM(A30)& " (PL)"), COUNTIF('Season 6'!A:AAO, TRIM(A30) & " (PL) (Defending)")) -> 11
A31: Yoshi | B31: =COUNTIF('Season 6'!A:AAO, CONCATENATE(TRIM(A31), " ","-"," ","W*")) -> 16 | C31: =SUM(COUNTIF('Season 6'!A:AAO, TRIM(A31)), COUNTIF('Season 6'!A:AAO, TRIM(A31) & " (Defending)"), COUNTIF('Season 6'!A:AAO, TRIM(A31)& " (PL)"), COUNTIF('Season 6'!A:AAO, TRIM(A31) & " (PL) (Defending)")) -> 9
A32: Ganondorf | B32: =COUNTIF('Season 6'!A:AAO, CONCATENATE(TRIM(A32), " ","-"," ","W*")) -> 16 | C32: =SUM(COUNTIF('Season 6'!A:AAO, TRIM(A32)), COUNTIF('Season 6'!A:AAO, TRIM(A32) & " (Defending)"), COUNTIF('Season 6'!A:AAO, TRIM(A32)& " (PL)"), COUNTIF('Season 6'!A:AAO, TRIM(A32) & " (PL) (Defending)")) -> 12
A33: Luigi | B33: =COUNTIF('Season 6'!A:AAO, CONCATENATE(TRIM(A33), " ","-"," ","W*")) -> 16 | C33: =SUM(COUNTIF('Season 6'!A:AAO, TRIM(A33)), COUNTIF('Season 6'!A:AAO, TRIM(A33) & " (Defending)"), COUNTIF('Season 6'!A:AAO, TRIM(A33)& " (PL)"), COUNTIF('Season 6'!A:AAO, TRIM(A33) & " (PL) (Defending)")) -> 13
A34: Lucina | B34: =COUNTIF('Season 6'!A:AAO, CONCATENATE(TRIM(A34), " ","-"," ","W*")) -> 15 | C34: =SUM(COUNTIF('Season 6'!A:AAO, TRIM(A34)), COUNTIF('Season 6'!A:AAO, TRIM(A34) & " (Defending)"), COUNTIF('Season 6'!A:AAO, TRIM(A34)& " (PL)"), COUNTIF('Season 6'!A:AAO, TRIM(A34) & " (PL) (Defending)")) -> 17
A35: DK | B35: =COUNTIF('Season 6'!A:AAO, CONCATENATE(TRIM(A35), " ","-"," ","W*")) -> 12 | C35: =SUM(COUNTIF('Season 6'!A:AAO, TRIM(A35)), COUNTIF('Season 6'!A:AAO, TRIM(A35) & " (Defending)"), COUNTIF('Season 6'!A:AAO, TRIM(A35)& " (PL)"), COUNTIF('Season 6'!A:AAO, TRIM(A35) & " (PL) (Defending)")) -> 12
A36: Diddy Kong | B36: =COUNTIF('Season 6'!A:AAO, CONCATENATE(TRIM(A36), " ","-"," ","W*")) -> 11 | C36: =SUM(COUNTIF('Season 6'!A:AAO, TRIM(A36)), COUNTIF('Season 6'!A:AAO, TRIM(A36) & " (Defending)"), COUNTIF('Season 6'!A:AAO, TRIM(A36)& " (PL)"), COUNTIF('Season 6'!A:AAO, TRIM(A36) & " (PL) (Defending)")) -> 15
A37: Lucario | B37: =COUNTIF('Season 6'!A:AAO, CONCATENATE(TRIM(A37), " ","-"," ","W*")) -> 11 | C37: =SUM(COUNTIF('Season 6'!A:AAO, TRIM(A37)), COUNTIF('Season 6'!A:AAO, TRIM(A37) & " (Defending)"), COUNTIF('Season 6'!A:AAO, TRIM(A37)& " (PL)"), COUNTIF('Season 6'!A:AAO, TRIM(A37) & " (PL) (Defending)")) -> 9
A38: Corrin | B38: =COUNTIF('Season 6'!A:AAO, CONCATENATE(TRIM(A38), " ","-"," ","W*")) -> 10 | C38: =SUM(COUNTIF('Season 6'!A:AAO, TRIM(A38)), COUNTIF('Season 6'!A:AAO, TRIM(A38) & " (Defending)"), COUNTIF('Season 6'!A:AAO, TRIM(A38)& " (PL)"), COUNTIF('Season 6'!A:AAO, TRIM(A38) & " (PL) (Defending)")) -> 12
A39: Pit | B39: =COUNTIF('Season 6'!A:AAO, CONCATENATE(TRIM(A39), " ","-"," ","W*")) -> 10 | C39: =SUM(COUNTIF('Season 6'!A:AAO, TRIM(A39)), COUNTIF('Season 6'!A:AAO, TRIM(A39) & " (Defending)"), COUNTIF('Season 6'!A:AAO, TRIM(A39)& " (PL)"), COUNTIF('Season 6'!A:AAO, TRIM(A39) & " (PL) (Defending)")) -> 11
... A50: Bayonetta | B50: =COUNTIF('Season 6'!A:AAO, CONCATENATE(TRIM(A50), " ","-"," ","W*")) -> 1 | C50: =SUM(COUNTIF('Season 6'!A:AAO, TRIM(A50)), COUNTIF('Season 6'!A:AAO, TRIM(A50) & " (Defending)"), COUNTIF('Season 6'!A:AAO, TRIM(A50)& " (PL)"), COUNTIF('Season 6'!A:AAO, TRIM(A50) & " (PL) (Defending)")) -> 14
A52: Ultimate Fighters | B52: W | C52: L
A53: Ness | B53: =COUNTIF('Season 6'!A:AAO, CONCATENATE(TRIM(A53), " ","-"," ","W*")) -> 24 | C53: =SUM(COUNTIF('Season 6'!A:AAO, TRIM(A53)), COUNTIF('Season 6'!A:AAO, TRIM(A53) & " (Defending)"), COUNTIF('Season 6'!A:AAO, TRIM(A53) & " (PL)"), COUNTIF('Season 6'!A:AAO, TRIM(A53) & " (PL) (Defending)")) -> 6
A54: Pikachu | B54: =COUNTIF('Season 6'!A:AAO, CONCATENATE(TRIM(A54), " ","-"," ","W*")) -> 19 | C54: =SUM(COUNTIF('Season 6'!A:AAO, TRIM(A54)), COUNTIF('Season 6'!A:AAO, TRIM(A54) & " (Defending)"), COUNTIF('Season 6'!A:AAO, TRIM(A54) & " (PL)"), COUNTIF('Season 6'!A:AAO, TRIM(A54) & " (PL) (Defending)")) -> 10
A55: Ike | B55: =COUNTIF('Season 6'!A:AAO, CONCATENATE(TRIM(A55), " ","-"," ","W*")) -> 19 | C55: =SUM(COUNTIF('Season 6'!A:AAO, TRIM(A55)), COUNTIF('Season 6'!A:AAO, TRIM(A55) & " (Defending)"), COUNTIF('Season 6'!A:AAO, TRIM(A55) & " (PL)"), COUNTIF('Season 6'!A:AAO, TRIM(A55) & " (PL) (Defending)")) -> 9
A56: Captain Falcon | B56: =COUNTIF('Season 6'!A:AAO, CONCATENATE(TRIM(A56), " ","-"," ","W*")) -> 19 | C56: =SUM(COUNTIF('Season 6'!A:AAO, TRIM(A56)), COUNTIF('Season 6'!A:AAO, TRIM(A56) & " (Defending)"), COUNTIF('Season 6'!A:AAO, TRIM(A56) & " (PL)"), COUNTIF('Season 6'!A:AAO, TRIM(A56) & " (PL) (Defending)")) -> 7
A57: King Dedede | B57: =COUNTIF('Season 6'!A:AAO, CONCATENATE(TRIM(A57), " ","-"," ","W*")) -> 17 | C57: =SUM(COUNTIF('Season 6'!A:AAO, TRIM(A57)), COUNTIF('Season 6'!A:AAO, TRIM(A57) & " (Defending)"), COUNTIF('Season 6'!A:AAO, TRIM(A57) & " (PL)"), COUNTIF('Season 6'!A:AAO, TRIM(A57) & " (PL) (Defending)")) -> 8
A58: Bowser | B58: =COUNTIF('Season 6'!A:AAO, CONCATENATE(TRIM(A58), " ","-"," ","W*")) -> 16 | C58: =SUM(COUNTIF('Season 6'!A:AAO, TRIM(A58)), COUNTIF('Season 6'!A:AAO, TRIM(A58) & " (Defending)"), COUNTIF('Season 6'!A:AAO, TRIM(A58) & " (PL)"), COUNTIF('Season 6'!A:AAO, TRIM(A58) & " (PL) (Defending)")) -> 12
A59: Mario | B59: =COUNTIF('Season 6'!A:AAO, CONCATENATE(TRIM(A59), " ","-"," ","W*")) -> 15 | C59: =SUM(COUNTIF('Season 6'!A:AAO, TRIM(A59)), COUNTIF('Season 6'!A:AAO, TRIM(A59) & " (Defending)"), COUNTIF('Season 6'!A:AAO, TRIM(A59) & " (PL)"), COUNTIF('Season 6'!A:AAO, TRIM(A59) & " (PL) (Defending)")) -> 10
A60: Snake | B60: =COUNTIF('Season 6'!A:AAO, CONCATENATE(TRIM(A60), " ","-"," ","W*")) -> 13 | C60: =SUM(COUNTIF('Season 6'!A:AAO, TRIM(A60)), COUNTIF('Season 6'!A:AAO, TRIM(A60) & " (Defending)"), COUNTIF('Season 6'!A:AAO, TRIM(A60) & " (PL)"), COUNTIF('Season 6'!A:AAO, TRIM(A60) & " (PL) (Defending)")) -> 10
A61: Young Link | B61: =COUNTIF('Season 6'!A:AAO, CONCATENATE(TRIM(A61), " ","-"," ","W*")) -> 13 | C61: =SUM(COUNTIF('Season 6'!A:AAO, TRIM(A61)), COUNTIF('Season 6'!A:AAO, TRIM(A61) & " (Defending)"), COUNTIF('Season 6'!A:AAO, TRIM(A61) & " (PL)"), COUNTIF('Season 6'!A:AAO, TRIM(A61) & " (PL) (Defending)")) -> 14
A62: Dr. Mario | B62: =COUNTIF('Season 6'!A:AAO, CONCATENATE(TRIM(A62), " ","-"," ","W*")) -> 13 | C62: =SUM(COUNTIF('Season 6'!A:AAO, TRIM(A62)), COUNTIF('Season 6'!A:AAO, TRIM(A62) & " (Defending)"), COUNTIF('Season 6'!A:AAO, TRIM(A62) & " (PL)"), COUNTIF('Season 6'!A:AAO, TRIM(A62) & " (PL) (Defending)")) -> 9
A63: Shulk | B63: =COUNTIF('Season 6'!A:AAO, CONCATENATE(TRIM(A63), " ","-"," ","W*")) -> 12 | C63: =SUM(COUNTIF('Season 6'!A:AAO, TRIM(A63)), COUNTIF('Season 6'!A:AAO, TRIM(A63) & " (Defending)"), COUNTIF('Season 6'!A:AAO, TRIM(A63) & " (PL)"), COUNTIF('Season 6'!A:AAO, TRIM(A63) & " (PL) (Defending)")) -> 12
A64: Roy | B64: =COUNTIF('Season 6'!A:AAO, CONCATENATE(TRIM(A64), " ","-"," ","W*")) -> 11 | C64: =SUM(COUNTIF('Season 6'!A:AAO, TRIM(A64)), COUNTIF('Season 6'!A:AAO, TRIM(A64) & " (Defending)"), COUNTIF('Season 6'!A:AAO, TRIM(A64) & " (PL)"), COUNTIF('Season 6'!A:AAO, TRIM(A64) & " (PL) (Defending)")) -> 15
... A75: Pichu | B75: =COUNTIF('Season 6'!A:AAO, CONCATENATE(TRIM(A75), " ","-"," ","W*")) -> 0 | C75: =SUM(COUNTIF('Season 6'!A:AAO, TRIM(A75)), COUNTIF('Season 6'!A:AAO, TRIM(A75) & " (Defending)"), COUNTIF('Season 6'!A:AAO, TRIM(A75) & " (PL)"), COUNTIF('Season 6'!A:AAO, TRIM(A75) & " (PL) (Defending)")) -> 13
A455: Joker | B455: 0 | C455: 0
A456: Pirahna Plant | B456: 0 | C456: 0
A457: Erdrick | B457: 0 | C457: 0

Sheet Season 6 Awards
B1: Superstar of the Year | C1: W | D1: L | E1: Description
A2: 1 | B2: Toon Link | C2: 23 | D2: 5 | E2: 1x Brawl, held Brawl for 6 months, first loss at tournanment, 17 win streak, won Smash Series Tag with Simon
A3: 2 | B3: Cloud | C3: 22 | D3: 5 | E3: 1x Melee, held Melee for 7 months, won Tournament, won Royal Rumble, defended against cash in by Lucario
A4: 3 | B4: Ness | C4: 24 | D4: 6 | E4: 1x Ultimate, held Ultimate for 4 months, Ultimate tournament winner, made it to Chmapionship at the Scramble from first match, 1x Monster for one month
A5: 4 | B5: ROB | C5: 20 | D5: 8 | E5: 1x Brawl, held Brawl for 4 months, won Scramble as first person in (first person since season 3 Kirby to do so)
A6: 5 | B6: Kirby | C6: 17 | D6: 7 | E6: Came into year with Hardcore, held it for 12 months until Scramble, won MITB for Brawl
B8: Brawl Superstar of the Year | C8: W | D8: L | E8: Description
A9: 1 | B9: Toon Link | C9: 23 | D9: 5 | E9: 1x Brawl, held Brawl for 6 months, first loss at tournanment, 17 win streak, won Smash Series Tag with Simon
A10: 2 | B10: ROB | C10: 20 | D10: 8 | E10: 1x Brawl, held Brawl for 4 months, won Scramble as first person in (first person since season 3 Kirby to do so)
A11: 3 | B11: Kirby | C11: 17 | D11: 7 | E11: Came into year with Hardcore, held it for 12 months until Scramble, won MITB for Brawl
B13: Melee Superstar of the Year | C13: W | D13: L | E13: Description
A14: 1 | B14: Cloud | C14: 22 | D14: 5 | E14: 1x Melee, held Melee for 7 months, won Tournament, won Royal Rumble, defended against cash in by Lucario
A15: 2 | B15: Dark Pit | C15: 19 | D15: 4 | E15: 1x Animal, held Animal for 8 months, highest win percentage of all superstars this season
A16: 3 | B16: Ganondorf | C16: 16 | D16: 12 | E16: held Melee twice for a total of 1 month, won Scramble (current Melee champion)
B18: Ultimate Superstar of the Year | C18: W | D18: L | E18: Description
A19: 1 | B19: Ness | C19: 24 | D19: 6 | E19: 1x Ultimate, held Ultimate for 4 months, Ultimate tournament winner, made it to Chmapionship at the Scramble from first match, 1x Monster for one month
A20: 2 | B20: King Dedede | C20: 17 | D20: 8 | E20: held Monster and Ultimate each once, Monster for 3 months, Ultimate for two months, 5-0'd Ness (great fighter) at Brawlmania for Monster
A21: 3 | B21: Captain Falcon | C21: 19 | D21: 7 | E21: up from 11-17, two time Chaos, held Chaos for total of 8 months
B23: Tag Team of the Year
A24: 1 | B24: Ike and Pikachu | E24: Came into the year with it and lost it at Championship Scramble (12 months)
A25: 2 | B25: King K. Rool and Mr. Game & Watch | E25: Won it at Championship Scramble
B27: Most Improved (Breakout) | C27: W | D27: L
A28: 1 | B28: Bowser | C28: 16 | D28: 12 | E28: up from 7-25, one month with Ultimate Championship
A29: 2 | B29: Captain Falcon | C29: 19 | D29: 7 | E29: up from 11-17, two time Chaos, held Chaos for total of 8 months
A30: 3 | B30: King Dedede | C30: 17 | D30: 8 | E30: up from 4-26, held Monster and Ultimate each once, Monster for 3 months, Ultimate for two months, 5-0'd Ness (great fighter) at Brawlmania for Monster, beat Ness every time he faced him
A31: 4 | B31: Ganondorf | C31: 16 | D31: 12 | E31: up from 7-23, held Melee twice for a total of 1 month
A32: 5 | B32: ROB | C32: 20 | D32: 8 | E32: up from 16-16, 1x Brawl, held Brawl for 4 months, won Scramble as first person in (first person since season 3 Kirby to do so)
B34: Most Disappointing | C34: W | D34: L
A35: 1 | B35: Mr. Game & Watch | C35: 6 | D35: 14 | E35: down from 19-9 (won preseason Ultimate title tourney (CPU ran))
A36: 2 | B36: Mewtwo | C36: 6 | D36: 16 | E36: Round 2 redraft selection, picked over ROB, Cloud, Ike, Bowser, etc
A37: 3 | B37: Diddy Kong | C37: 11 | D37: 15 | E37: down from 21-8
A38: 4 | B38: Ridley | C38: 10 | D38: 17 | E38: Round 3 redraft selection
A39: 5 | B39: Ryu | C39: 6 | D39: 14 | E39: Round 4 redraft selection, picked over Bowseer
B41: Match of the Year
A42: 1
A43: 2
A44: 3
A45: 4
A46: 5

Sheet Season 5
A1: Month 1 | H1: Month 2 | O1: Month 3 | V1: Month 4 | AC1: Month 5 | AJ1: Month 6 | AQ1: Month 7 | AX1: Month 8 | BE1: Month 9 | BL1: Month 10 | BS1: Month 11 | BZ1: Month 12
B3: Brawl | C3: Battlefield | I3: Brawl | J3: Bridge of Eldin | P3: Brawl | Q3: Lylat Cruise | W3: Brawl | X3: Distant Planet | AD3: Brawl | AE3: Shadow Moses Island | AK3: Brawl | AL3: Rainbow Cruise | AR3: Brawl | AS3: Luigi's Mansion | AY3: Brawl | AZ3: Frigate Orpheon | BF3: Brawl | BG3: Spear Pillar | BM3: Brawl | BN3: 75m | BT3: Brawl | BU3: Green Hill Zone | CA3: Brawl | CB3: Green Greens
B4: 1 | C4: ROB | D4: Lucario - W | I4: 1 | J4: Samus | K4: DK - W | O4: Spot in Human championship | P4: 1 | Q4: ROB - W | R4: Snake | V4: Guest Appearance by Olimar | W4: 1 | X4: Olimar | Y4: Peach - W | AD4: 1 | AE4: Snake - W | AF4: Ice Climbers | AK4: 1 | AL4: Pokemon Trainer | AM4: Jigglypuff - W | AQ4: #16 & #15 | AR4: 1 | AS4: Peach - W | AT4: Bowser | AX4: Spot in Brawl | AY4: 1 | AZ4: Toon Link - W | BA4: Bowser | BF4: 1 | BG4: Bowser | BH4: Toon Link - W | BM4: 1 | BN4: Marth - W | BO4: Snake | BT4: 1 | BU4: Toon Link - W | BV4: Lucas | CA4: 1 | CB4: Bowser | CC4: Snake - W
C5: 0 | D5: 1 | J5: 0 | K5: 1 | Q5: 1 | R5: 0 | X5: 0 | Y5: 1 | AE5: 1 | AF5: 0 | AL5: 0 | AM5: 2 | AS5: 2 | AT5: 0 | AZ5: 2 | BA5: 0 | BG5: 0 | BH5: 2 | BN5: 2 | BO5: 0 | BU5: 2 | BV5: 0 | CB5: 0 | CC5: 1
B6: 2 | C6: DK | D6: Fox - W | I6: 2 | J6: Marth - W | K6: Peach | P6: 2 | Q6: Ice Climbers | R6: Zelda - W | V6: #1 Contender Tag | W6: 2 | X6: Lucas - W | Y6: Ness - W | Z6: Zelda | AA6: Ice Climbers | AD6: 2 | AE6: Zelda | AF6: ROB - W | AK6: 2 | AL6: Peach | AM6: Kirby - W | AQ6: #14 & #13 | AR6: 2 | AS6: Wolf | AT6: Falco - W | AY6: 2 | AZ6: Snake | BA6: Pikachu - W | BF6: 2 | BG6: ROB | BH6: Pikachu - W | BM6: 2 | BN6: Sonic - W | BO6: Lucas | BT6: 2 | BU6: Pokemon Trainer - W | BV6: Bowser | CA6: 2 | CB6: Peach | CC6: Ness - W
C7: 0 | D7: 1 | J7: 1 | K7: 0 | Q7: 0 | R7: 2 | X7: 3 | Y7: 2 | Z7: 0 | AA7: 0 | AE7: 0 | AF7: 1 | AL7: 0 | AM7: 3 | AS7: 0 | AT7: 2 | AZ7: 0 | BA7: 2 | BG7: 0 | BH7: 1 | BN7: 1 | BO7: 0 | BU7: 2 | BV7: 0 | CB7: 0 | CC7: 3
B8: 3 | C8: Lucas - W | D8: Snake | I8: 3 | J8: Toon Link - W | K8: Ness | P8: 3 | Q8: Wolf - W | R8: Peach | W8: 3 | X8: DK - W | Y8: Lucario | AD8: 3 | AE8: Samus | AF8: Ness - W | AK8: 3 | AL8: Wolf | AM8: Falco - W | AR8: 3 | AS8: Jigglypuff | AT8: Marth - W | AY8: 3 | AZ8: Marth - W | BA8: Jigglypuff | BF8: 3 | BG8: Pokemon Trainer | BH8: Samus - W | BL8: Guest appearance by DK | BM8: 3 | BN8: DK - W | BO8: Pokemon Trainer | BT8: 3 | BU8: Peach | BV8: Falco - W | CA8: 3 | CB8: Falco - W | CC8: Toon Link
C9: 1 | D9: 0 | J9: 2 | K9: 0 | Q9: 1 | R9: 0 | X9: 2 | Y9: 0 | AE9: 0 | AF9: 1 | AL9: 0 | AM9: 1 | AS9: 0 | AT9: 2 | AZ9: 3 | BA9: 0 | BG9: 0 | BH9: 2 | BN9: 2 | BO9: 0 | BU9: 0 | BV9: 2 | CB9: 3 | CC9: 0
B10: 4 | C10: Toon Link - W | D10: Marth | H10: Winner in #1 Contender for Brawl next week | I10: 4 | J10: Lucas - W | K10: Fox | P10: 4 | Q10: Marth | R10: Diddy Kong - W | W10: 4 | X10: Jigglypuff | Y10: Snake - W | AC10: Spot in Hardcore | AD10: 4 | AE10: Lucas | AF10: Wario - W | AK10: 4 | AL10: Captain Falcon - W | AM10: Snake | AR10: 4 | AS10: Captain Falcon - W | AT10: Pokemon Trainer | AY10: 4 | AZ10: Sonic | BA10: Samus - W | BE10: #1 Contender Human | BF10: 4 | BG10: Snake - W | BH10: Captain Falcon | BM10: 4 | BN10: Peach | BO10: Wolf - W | BT10: 4 | BU10: ROB | BV10: Snake - W | BZ10: Spot in Brawl | CA10: 4 | CB10: Kirby | CC10: ROB - W
C11: 3 | D11: 0 | J11: 1 | K11: 0 | Q11: 0 | R11: 2 | X11: 0 | Y11: 1 | AC11: 3 Stock Match | AE11: 0 | AF11: 1 | AL11: 2 | AM11: 0 | AS11: 2 | AT11: 0 | AZ11: 0 | BA11: 1 | BG11: 3 | BH11: 0 | BN11: 0 | BO11: 2 | BU11: 0 | BV11: 1 | CB11: 0 | CC11: 1
A12: #1 Contender Brawl | B12: 5 | C12: Wario - W | D12: Samus | H12: Winner in #1 Contender for Brawl next week | I12: 5 | J12: Wario | K12: ROB | L12: Lucario - W | O12: #1 Contender Hardcore | P12: 5 | Q12: Lucas | R12: DK - W | S12: Fox | V12: #1 Contender Brawl | W12: 5 | X12: Toon Link - W | Y12: Wario | AC12: Spot in Hardcore | AD12: 5 | AE12: Sonic - W | AF12: Lucario | AJ12: #1 Contender Hardcore | AK12: 5 | AL12: Pikachu - W | AM12: Lucas | AR12: 5 | AS12: Toon Link - W | AT12: ROB | AX12: Spot in Brawl | AY12: 5 | AZ12: Ness - W | BA12: Diddy Kong | BF12: 5 | BG12: Kirby - W | BH12: Ness | BL12: #1 Contender Human | BM12: 5 | BN12: Falco - W | BO12: Bowser | BS12: #1 Contender Hardcore | BT12: 5 | BU12: Sonic | BV12: Wolf - W | BZ12: Spot in Brawl | CA12: 5 | CB12: Sonic - W | CC12: Marth
C13: 1 | D13: 0 | J13: 0 | K13: 0 | L13: 1 | Q13: 0 | R13: 1 | S13: -1 | X13: 1 | Y13: 0 | AC13: 3 Stock Match | AE13: 2 | AF13: 0 | AJ13: Sudden Death | AL13: 0 | AM13: 0 | AS13: 2 | AT13: 0 | AZ13: 2 | BA13: 0 | BG13: 0 | BH13: 1 | BN13: 3 | BO13: 0 | BU13: -1 | BV13: 1 | CB13: 1 | CC13: 0
B15: Melee | C15: Final Destination | I15: Melee | J15: Pirate Ship | P15: Melee | Q15: Spear Pillar | W15: Melee | X15: Summit | AD15: Melee | AE15: Green Hill Zone | AK15: Melee | AL15: Green Greens | AR15: Melee | AS15: Mushroomy Kingdom | AY15: Melee | AZ15: Norfair | BF15: Melee | BG15: WarioWare, Inc. | BM15: Melee | BN15: Skyworld | BT15: Melee | BU15: Temple | CA15: Melee | CB15: Big Blue
A16: #1 Contender Special | B16: 1 | C16: Mr. Game & Watch - W | D16: Olimar | I16: 1 | J16: Luigi - W | K16: Meta Knight | P16: 1 | Q16: Bowser | R16: Yoshi - W | V16: Special Guest Ice Climbers | W16: 1 | X16: Ice Climbers - W | Y16: Bowser | AD16: 1 | AE16: Olimar - W | AF16: King Dedede | AK16: 1 | AL16: Ice Climbers | AM16: Ganondorf - W | AQ16: Play In Match | AR16: 1 | AS16: Ganondorf | AT16: King Dedede - W | AX16: Special Guest Samus | AY16: 1 | AZ16: Samus - W | BA16: Ice Climbers | BF16: 1 | BG16: Fox | BH16: DK - W | BM16: 1 | BN16: Olimar | BO16: Mr. Game & Watch - W | BT16: 1 | BU16: Ganondorf | BV16: Zelda - W | CA16: 1 | CB16: Zelda - W | CC16: Lucario
C17: 1 | D17: 0 | J17: 2 | K17: 0 | Q17: 0 | R17: 2 | X17: 2 | Y17: 0 | AE17: 2 | AF17: 0 | AL17: 0 | AM17: 1 | AS17: 0 | AT17: 2 | AZ17: 3 | BA17: 0 | BG17: 0 | BH17: 1 | BN17: 0 | BO17: 1 | BU17: 0 | BV17: 2 | CB17: 2 | CC17: 0
B18: 2 | C18: Captain Falcon - W | D18: Ganondorf | I18: 2 | J18: Mr. Game & Watch - W | K18: King Dedede | P18: 2 | Q18: Mario - W | R18: Olimar | W18: 2 | X18: King Dedede - W | Y18: Luigi | AC18: Special Guest Sonic | AD18: 2 | AE18: Sonic | AF18: Pokemon Trainer - W | AJ18: Special Guest Kirby | AK18: 2 | AL18: Kirby - W | AM18: Lucario | AQ18: #16 & #15 | AR18: 2 | AS18: Ice Climbers - W | AT18: King Dedede | AY18: 2 | AZ18: Lucario - W | BA18: King Dedede | BF18: 2 | BG18: King Dedede | BH18: Mr. Game & Watch - W | BM18: 2 | BN18: Ganondorf - W | BO18: Yoshi | BT18: 2 | BU18: Lucario | BV18: Wario - W | CA18: 2 | CB18: Olimar - W | CC18: Ganondorf
C19: 1 | D19: 0 | J19: 1 | K19: 0 | Q19: 1 | R19: 0 | X19: 1 | Y19: 0 | AE19: 0 | AF19: 2 | AL19: 3 | AM19: 0 | AQ19: 30% Handicap King Dedede | AS19: 1 | AT19: 0 | AZ19: 2 | BA19: 0 | BG19: 0 | BH19: 1 | BN19: 2 | BO19: 0 | BU19: 0 | BV19: 1 | CB19: 3 | CC19: 0
B20: 3 | C20: King Dedede | D20: Luigi - W | I20: 3 | J20: Falco | K20: Captain Falcon - W | O20: #1 contender Tag | P20: 3 | Q20: Ike - W | R20: Pikachu - W | S20: King Dedede | T20: Ganondorf | W20: 3 | X20: Pit - W | Y20: Ganondorf | AD20: 3 | AE20: Pikachu | AF20: Mario - W | AK20: 3 | AL20: Fox - W | AM20: Meta Knight | AQ20: #14 & #13 | AR20: 3 | AS20: Zelda | AT20: Meta Knight - W | AX20: Spot in Animal | AY20: 3 | AZ20: Wario - W | BA20: Fox | BE20: Purifying Match | BF20: 3 | BG20: Link - W | BH20: Zelda | BM20: 3 | BN20: Luigi - W | BO20: Ice Climbers | BT20: 3 | BU20: Yoshi | BV20: Ike - W | BZ20: Guest Appearance by Captain Falcon | CA20: 3 | CB20: Captain Falcon - W | CC20: Ice Climbers
C21: 0 | D21: 2 | J21: 0 | K21: 1 | Q21: 1 | R21: 3 | S21: 0 | T21: 0 | X21: 1 | Y21: 0 | AE21: 0 | AF21: 1 | AL21: 1 | AM21: 0 | AS21: 0 | AT21: 3 | AZ21: 1 | BA21: 0 | BG21: 3 | BH21: 0 | BN21: 3 | BO21: 0 | BU21: 0 | BV21: 1 | CB21: 2 | CC21: 0
B22: 4 | C22: Meta Knight | D22: Kirby - W | H22: Spot in Pokeball Match | I22: 4 | J22: Bowser | K22: Pokemon Trainer - W | O22: #1 contender Animal | P22: 4 | Q22: Falco | R22: Link - W | V22: Spot in MITB | W22: 4 | X22: Captain Falcon - W | Y22: Meta Knight | AC22: #1 contender tag | AD22: 4 | AE22: Fox - W | AF22: Falco - W | AG22: Bowser | AH22: Ganondorf | AJ22: Purifying Match | AK22: 4 | AL22: Zelda | AM22: Link - W | AR22: 4 | AS22: Link | AT22: Ike - W | AX22: Spot in Animal | AY22: 4 | AZ22: Meta Knight - W | BA22: DK | BE22: #1 contender Animal | BF22: 4 | BG22: Wario - W | BH22: Meta Knight | BL22: #1 contender Tag | BM22: 4 | BN22: Pit - W | BO22: Lucario - W | BP22: King Dedede | BQ22: Meta Knight | BT22: 4 | BU22: Luigi - W | BV22: Meta Knight | CA22: 4 | CB22: Pit - W | CC22: Wario
C23: 0 | D23: 1 | J23: 0 | K23: 3 | Q23: 0 | R23: 3 | X23: 2 | Y23: 0 | AE23: 2 | AF23: 1 | AG23: 0 | AH23: 0 | AJ23: No purification | AL23: 0 | AM23: 2 | AS23: 0 | AT23: 2 | AZ23: 2 | BA23: 0 | BG23: 3 | BH23: 0 | BN23: 2 | BO23: 2 | BP23: 0 | BQ23: 0 | BU23: 1 | BV23: 0 | CB23: 1 | CC23: 0
A24: Spot in Royal Rumble | B24: 5 | C24: Yoshi | D24: Pit - W | H24: #1 contender Animal | I24: 5 | J24: Yoshi | K24: Pit - W | O24: Spot in Smash Bros. | P24: 5 | Q24: Mr. Game & Watch - W | R24: Captain Falcon | V24: Spot in MITB | W24: 5 | X24: Mario - W | Y24: Falco | AC24: #1 Contender Melee | AD24: 5 | AE24: Kirby | AF24: Link | AG24: Meta Knight | AH24: Ike - W | AJ24: #1 contender Melee | AK24: 5 | AL24: Ike | AM24: Mario - W | AR24: 5 | AS24: Mario - W | AT24: Wario | AX24: Spot in Melee | AY24: 5 | AZ24: Luigi - W | BA24: Mr. Game & Watch | BF24: 5 | BG24: Luigi - W | BH24: Ike | BL24: #1 contender Animal | BM24: 5 | BN24: Fox | BO24: DK - W | BS24: #1 contender Animal | BT24: 5 | BU24: Link - W | BV24: Fox | BW24: DK | BZ24: Spot in Melee | CA24: 5 | CB24: Mario | CC24: Fox - W
C25: 0 | D25: 2 | J25: 0 | K25: 1 | Q25: 1 | R25: 0 | X25: 2 | Y25: 0 | AC25: Good match | AE25: 0 | AF25: 0 | AG25: 0 | AH25: 1 | AL25: 0 | AM25: 2 | AS25: 1 | AT25: 0 | AZ25: 1 | BA25: 0 | BG25: 1 | BH25: 0 | BN25: 0 | BO25: 2 | BU25: 1 | BV25: 0 | BW25: 0 | CB25: 0 | CC25: 1
B27: Brawl | C27: Delfino Plaza | I27: Brawl | J27: Norfair | P27: Brawl | Q27: Port Town Aero Drive | W27: Brawl | X27: Skyworld | AD27: Brawl | AE27: Temple | AK27: Brawl | AL27: Big Blue | AR27: Brawl | AS27: Mario Circuit | AY27: Brawl | AZ27: Halberd | BF27: Brawl | BG27: Castle Siege | BM27: Brawl | BN27: Mario Bros. | BT27: Brawl | BU27: Yoshi's Island (Melee) | CA27: Brawl | CB27: Brinstar
B28: 1 | C28: Ice Climbers - W | D28: Peach | H28: #1 Contender Human | I28: 1 | J28: Ness | K28: DK - W | O28: Spot in Human championship | P28: 1 | Q28: Ness | R28: Wolf - W | V28: Guest Appearance by Pit | W28: 1 | X28: Pit - W | Y28: Jigglypuff | AD28: 1 | AE28: Fox - W | AF28: Wolf | AK28: 1 | AL28: Peach - W | AM28: Jigglypuff | AQ28: Guest Appearance by Mario | AR28: 1 | AS28: Mario - W | AT28: Peach | AX28: Guest Appearance by Meta Knight | AY28: 1 | AZ28: Meta Knight - W | BA28: Peach | BF28: 1 | BG28: Falco | BH28: Sonic - W | BM28: 1 | BN28: Diddy Kong - W | BO28: Captain Falcon | BS28: Guest Appearance by Yoshi | BT28: 1 | BU28: Yoshi | BV28: Pokemon Trainer - W | CA28: 1 | CB28: Falco | CC28: Samus - W
C29: 3 | D29: 0 | J29: 0 | K29: 1 | Q29: 0 | R29: 3 | X29: 3 | Y29: 0 | AE29: 2 | AF29: 0 | AL29: 1 | AM29: 0 | AS29: 3 | AT29: 0 | AZ29: 2 | BA29: 0 | BG29: 0 | BH29: 2 | BN29: 2 | BO29: 0 | BU29: 0 | BV29: 1 | CB29: 0 | CC29: 1
B30: 2 | C30: Ness - W | D30: Wolf | I30: 2 | J30: Sonic - W | K30: Jigglypuff | P30: 2 | Q30: Lucario - W | R30: Jigglypuff | V30: #1 Contender Hardcore | W30: 2 | X30: Zelda | Y30: Wolf - W | AD30: 2 | AE30: Jigglypuff | AF30: Marth - W | AJ30: #1 Contender Human | AK30: 2 | AL30: Bowser - W | AM30: Wolf | AQ30: #12 & #11 | AR30: 2 | AS30: Samus - W | AT30: Snake | AY30: 2 | AZ30: Toon Link - W | BA30: Ness | BF30: 2 | BG30: ROB - W | BH30: Captain Falcon | BM30: 2 | BN30: Snake - W | BO30: Kirby | BT30: 2 | BU30: Marth - W | BV30: Jigglypuff | CA30: 2 | CB30: Sonic - W | CC30: Bowser
C31: 1 | D31: 0 | J31: 3 | K31: 0 | Q31: 2 | R31: 0 | X31: -3 | Y31: 2 | AE31: 0 | AF31: 3 | AL31: 2 | AM31: 0 | AS31: 1 | AT31: 0 | AZ31: 3 | BA31: 0 | BG31: 1 | BH31: 0 | BN31: 1 | BO31: 0 | BU31: 3 | BV31: 0 | CB31: 1 | CC31: 0
B32: 3 | C32: Diddy Kong - W | D32: Jigglypuff | H32: #1 Contender Tag | I32: 3 | J32: ROB | K32: Samus | L32: Snake - W | M32: Wolf - W | O32: Guest apperance by Captain Falcon | P32: 3 | Q32: Captain Falcon | R32: Ice Climbers - W | V32: Spot in MITB | W32: 3 | X32: Samus - W | Y32: Ice Climbers | AD32: 3 | AE32: Toon Link - W | AF32: Peach | AK32: 3 | AL32: Pokemon Trainer | AM32: Sonic - W | AQ32: #10 & #9 | AR32: 3 | AS32: Ness - W | AT32: Lucas | AX32: Spot in Hardcore | AY32: 3 | AZ32: Samus - W | BA32: Falco | BF32: 3 | BG32: Wolf - W | BH32: Lucas | BL32: Guest Appearance | BM32: 3 | BN32: Mario - W | BO32: Peach | BS32: #1 Contender Tag | BT32: 3 | BU32: Wolf - W | BV32: Bowser - W | BW32: Ness | BX32: Lucas | CA32: 3 | CB32: Pokemon Trainer - W | CC32: ROB
C33: 3 | D33: 0 | J33: 0 | K33: 0 | L33: 1 | M33: 0 | Q33: 0 | R33: 2 | X33: 2 | Y33: 0 | AE33: 3 | AF33: 0 | AL33: 0 | AM33: 3 | AS33: 1 | AT33: 0 | AX33: Hammer KO with 3 seconds left | AZ33: 1 | BA33: -1 | BG33: 1 | BH33: 0 | BN33: 3 | BO33: 0 | BU33: 3 | BV33: 1 | BW33: 0 | BX33: 0 | CB33: 1 | CC33: 0
A34: Spot in Royal Rumble | B34: 4 | C34: Samus | D34: Lucario - W | I34: 4 | J34: Marth - W | K34: Zelda | P34: 4 | Q34: ROB - W | R34: Snake | V34: Spot in MITB | W34: 4 | X34: Fox | Y34: Sonic - W | AD34: 4 | AE34: DK - W | AF34: Zelda | AK34: 4 | AL34: Diddy Kong - W | AM34: Falco | AQ34: #8 & #7 | AR34: 4 | AS34: Captain Falcon | AT34: Marth - W | AX34: Spot in Hardcore | AY34: 4 | AZ34: Lucas | BA34: Pikachu - W | BE34: #1 Contender Hardcore | BF34: 4 | BG34: Samus - W | BH34: Diddy Kong | BM34: 4 | BN34: Bowser | BO34: Samus - W | BT34: 4 | BU34: Pikachu - W | BV34: Toon Link | BZ34: Spot in Brawl | CA34: 4 | CB34: Pikachu - W | CC34: Wolf
C35: 0 | D35: 1 | J35: 2 | K35: 0 | Q35: 1 | R35: 0 | X35: 0 | Y35: 1 | AE35: 1 | AF35: 0 | AL35: 1 | AM35: 0 | AS35: 0 | AT35: 1 | AZ35: -1 | BA35: 1 | BG35: 1 | BH35: -1 | BN35: 0 | BO35: 2 | BU35: 2 | BV35: 0 | CB35: 1 | CC35: 0
A36: Spot In Royal Rumble | B36: 5 | C36: Fox - W | D36: DK | H36: #1 Contender Brawl | I36: 5 | J36: Lucario | K36: Lucas - W | O36: #1 Contender Brawl | P36: 5 | Q36: Sonic | R36: Toon Link - W | V36: Spot in MITB | W36: 5 | X36: Marth - W | Y36: Lucario | AC36: #1 Contender Human | AD36: 5 | AE36: Samus | AF36: Ness - W | AG36: Snake | AJ36: #1 Contender Tag | AK36: 5 | AL36: Captain Falcon | AM36: Samus | AN36: Lucas - W | AO36: Ness - W | AQ36: #2 seed | AR36: 5 | AS36: Sonic | AT36: ROB | AU36: Diddy Kong - W | AX36: Spot in Hardcore | AY36: 5 | AZ36: Diddy Kong - W | BA36: Wolf | BE36: #1 Contender Brawl | BF36: 5 | BG36: Pikachu - W | BH36: Ness | BL36: #1 Contender Brawl | BM36: 5 | BN36: Toon Link - W | BO36: Pikachu | BS36: #1 Contender Human | BT36: 5 | BU36: Snake | BV36: ROB - W | BW36: Captain Falcon | BZ36: Spot in Brawl | CA36: 5 | CB36: Ness | CC36: Diddy Kong - W
C37: 3 | D37: 0 | J37: 0 | K37: 2 | Q37: 0 | R37: 1 | X37: 1 | Y37: 0 | AE37: 0 | AF37: 2 | AG37: 0 | AL37: 0 | AM37: 0 | AN37: 1 | AO37: 1 | AS37: 0 | AT37: 0 | AU37: 2 | AZ37: 2 | BA37: -2 | BG37: 2 | BH37: 0 | BN37: 1 | BO37: 0 | BU37: 0 | BV37: 1 | BW37: 0 | CB37: 0 | CC37: 3
B39: Melee | C39: Luigi's Mansion | I39: Melee | J39: Frigate Orpheon | P39: Melee | Q39: Castle Siege | W39: Melee | X39: Mario Bros. | AD39: Melee | AE39: Yoshi's Island (Melee) | AK39: Melee | AL39: Brinstar | AR39: Melee | AS39: Rumble Falls | AY39: Melee | AZ39: Yoshi's Island (Brawl) | BF39: Melee | BG39: Distant Planet | BM39: Melee | BN39: Flat Zone 2 | BT39: Melee | BU39: Jungle Japes | CA39: Melee | CB39: Pokemon Stadium
B40: 1 | C40: Falco | D40: Ike - W | I40: 1 | J40: Falco | K40: Link - W | O40: Special Guest Appearance bu Marth | P40: 1 | Q40: King Dedede | R40: Marth - W | W40: 1 | X40: Mario - W | Y40: Ganondorf | AD40: 1 | AE40: Luigi - W | AF40: King Dedede | AJ40: Special Guest | AK40: 1 | AL40: Samus - W | AM40: King Dedede | AR40: 1 | AS40: Luigi - W | AT40: Ganondorf | AY40: 1 | AZ40: Meta Knight - W | BA40: Wario | BF40: 1 | BG40: Pit - W | BH40: Fox | BM40: 1 | BN40: Mr. Game & Watch | BO40: Link - W | BS40: Guest Appearance by Diddy Kong | BT40: 1 | BU40: Diddy Kong - W | BV40: Fox | BZ40: Guest appearance by Pikachu | CA40: 1 | CB40: Pikachu | CC40: Lucario - W
C41: 0 | D41: 1 | J41: 0 | K41: 2 | Q41: 0 | R41: 3 | X41: 1 | Y41: 0 | AE41: 2 | AF41: 0 | AL41: 2 | AM41: 0 | AS41: 3 | AT41: 0 | AZ41: 2 | BA41: 0 | BG41: 2 | BH41: 0 | BN41: 0 | BO41: 2 | BU41: 2 | BV41: 0 | CB41: 0 | CC41: 1
B42: 2 | C42: Pit | D42: Yoshi - W | I42: 2 | J42: Ganondorf | K42: Pit - W | P42: 2 | Q42: Ike - W | R42: Ganondorf | W42: 2 | X42: Ike - W | Y42: King Dedede | AD42: 2 | AE42: Pokemon Trainer | AF42: Link - W | AK42: 2 | AL42: DK - W | AM42: Ganondorf | AQ42: #12 & #11 | AR42: 2 | AS42: Olimar - W | AT42: Lucario | AY42: 2 | AZ42: Yoshi - W | BA42: Zelda | BF42: 2 | BG42: Zelda - W | BH42: Ganondorf | BM42: 2 | BN42: Lucario - W | BO42: Ice Climbers | BT42: 2 | BU42: Meta Knight - W | BV42: Ice Climbers | CA42: 2 | CB42: Olimar | CC42: Fox - W
C43: 0 | D43: 1 | J43: 0 | K43: 3 | Q43: 1 | R43: 0 | X43: 2 | Y43: 0 | AE43: 0 | AF43: 1 | AL43: 1 | AM43: 0 | AS43: 3 | AT43: 0 | AZ43: 1 | BA43: 0 | BG43: 2 | BH43: 0 | BN43: 2 | BO43: 0 | BU43: 1 | BV43: 0 | CB43: 0 | CC43: 2
B44: 3 | C44: Pikachu - W | D44: King Dedede | I44: 3 | J44: Mario - W | K44: Bowser | P44: 3 | Q44: Mr. Game & Watch - W | R44: Yoshi | W44: 3 | X44: Luigi - W | Y44: Bowser | AD44: 3 | AE44: Olimar - W | AF44: Ganondorf | AK44: 3 | AL44: Yoshi - W | AM44: Ice Climbers | AQ44: #10 & #9 | AR44: 3 | AS44: Fox | AT44: Link - W | AX44: Spot in Special | AY44: 3 | AZ44: Olimar | BA44: Ganondorf - W | BE44: #1 contender Special | BF44: 3 | BG44: Olimar - W | BH44: Lucario | BL44: Good comeback. Saved match | BM44: 3 | BN44: Yoshi | BO44: Ganondorf - W | BT44: 3 | BU44: King Dedede | BV44: Zelda - W | BZ44: #1 contender Tag | CA44: 3 | CB44: Ganondorf | CC44: King Dedede | CD44: Zelda - W | CE44: Ice Climbers - W
C45: 1 | D45: 0 | J45: 1 | K45: 0 | Q45: 1 | R45: 0 | X45: 1 | Y45: 0 | AE45: 2 | AF45: 0 | AL45: 2 | AM45: 0 | AS45: 0 | AT45: 2 | AX45: 300% Heavy Match | AZ45: 0 | BA45: 2 | BE45: Coin Match | BG45: 56 | BH45: 46 | BL45: Ganondorf added into special ship match | BN45: 0 | BO45: 1 | BU45: 0 | BV45: 1 | CB45: 0 | CC45: 0 | CD45: 0 | CE45: 2
A46: #1 Contender Tag | B46: 4 | C46: Luigi | D46: Mario | E46: Ganondorf - W | F46: Link - W | H46: #1 Contender Special | I46: 4 | J46: Yoshi - W | K46: Olimar | P46: 4 | Q46: Bowser | R46: Captain Falcon - W | V46: #1 Contender Animal | W46: 4 | X46: Olimar | Y46: Pikachu - W | AD46: 4 | AE46: Yoshi - W | AF46: Bowser | AK46: 4 | AL46: Mr. Game & Watch - W | AM46: Meta Knight | AQ46: #8 & #7 | AR46: 4 | AS46: Wario - W | AT46: DK | AX46: Spot in Special | AY46: 4 | AZ46: Lucario - W | BA46: Mario | BF46: 4 | BG46: Ike - W | BH46: DK | BM46: 4 | BN46: Dk - W | BO46: Fox | BS46: #1 contender special | BT46: 4 | BU46: Olimar - W | BV46: Lucario | BZ46: Spot in Melee | CA46: 4 | CB46: Yoshi - W | CC46: Link
C47: 0 | D47: 0 | E47: 0 | F47: 1 | H47: 300 % Mega Metal Brawl | J47: 1 | K47: 0 | Q47: 0 | R47: 2 | X47: 0 | Y47: 3 | AE47: 3 | AF47: 0 | AL47: 2 | AM47: 0 | AS47: 2 | AT47: 0 | AX47: 300% Heavy Match | AZ47: 1 | BA47: 0 | BG47: 3 | BH47: 0 | BN47: 2 | BO47: 0 | BS47: Coin Match | BU47: 77 | BV47: 30 | CB47: 1 | CC47: 0
A48: #1 Contender Animal | B48: 5 | C48: Captain Falcon - W | D48: Bowser | H48: Spot in Pokeball Match | I48: 5 | J48: King Dedede | K48: Meta Knight - W | O48: #1 contender Special | P48: 5 | Q48: Pokemon Trainer | R48: Falco - W | V48: Spot in MITB | W48: 5 | X48: Kirby | Y48: Pit - W | AC48: #1 contender Animal | AD48: 5 | AE48: Mario | AF48: Captain Falcon - W | AJ48: #1 contender Animal | AK48: 5 | AL48: Wario | AM48: Link - W | AQ48: #2 seed | AR48: 5 | AS48: Yoshi | AT48: Mario - W | AU48: Mr. Game & Watch | AX48: Spot in Melee | AY48: 5 | AZ48: Ike | BA48: Pit - W | BE48: #1 contender Melee | BF48: 5 | BG48: Luigi | BH48: Mario - W | BL48: #1 contender Melee | BM48: 5 | BN48: Mario - W | BO48: Ike | BS48: #1 Contender Melee | BT48: 5 | BU48: Pit - W | BV48: Mr. Game & Watch | BZ48: Spot in Melee | CA48: 5 | CB48: Ike | CC48: Mr. Game & Watch - W
C49: 3 | D49: 0 | J49: 0 | K49: 2 | O49: Coin Match | Q49: 67 | R49: 133 | X49: 0 | Y49: 1 | AE49: 0 | AF49: 1 | AL49: 0 | AM49: 1 | AQ49: Mario has 5 Kos | AS49: 0 | AT49: 3 | AU49: 0 | AZ49: 0 | BA49: 3 | BG49: 0 | BH49: 1 | BN49: 2 | BO49: 0 | BU49: 2 | BV49: 0 | CB49: 0 | CC49: 1
B51: Brawl | C51: Mushroomy Kingdom | I51: Brawl | J51: Yoshi's Island (Brawl) | P51: Brawl | Q51: WarioWare, Inc. | W51: Brawl | X51: Flat Zone 2 | AD51: Brawl | AE51: Jungle Japes | AK51: Brawl | AL51: Pokemon Stadium | AR51: Brawl | AS51: Pirate Ship | AY51: Brawl | AZ51: Pokemon Stadium 2 | BF51: Brawl | BG51: Smashville | BM51: Brawl | BN51: Pictochat | BT51: Brawl | BU51: Onett | CA51: Brawl | CB51: Disrespect
A52: #1 Contender Human | B52: 1 | C52: Ice Climbers - W | D52: Marth | H52: Guest Apperance by Yoshi | I52: 1 | J52: Yoshi - W | K52: Ness | O52: If Sonic wins, he is added to Human championship | P52: 1 | Q52: Sonic | R52: ROB - W | S52: Wolf - W | V52: #1 Contender Human | W52: 1 | X52: Peach - W | Y52: Snake | AD52: 1 | AE52: Jigglypuff | AF52: Sonic - W | AK52: 1 | AL52: Kirby - W | AM52: Snake | AR52: 1 | AS52: Toon Link - W | AT52: Pokemon Trainer | AY52: 1 | AZ52: Pokemon Trainer - W | BA52: Jigglypuff | BE52: #1 Contender Tag | BF52: 1 | BG52: Bowser - W | BH52: Wolf - W | BI52: Pokemon Trainer | BJ52: Jigglypuff | BM52: 1 | BN52: Jigglypuff | BO52: Bowser - W | BT52: 1 | BU52: Ness - W | BV52: Lucas | CA52: 1 | CB52: Samus - W | CC52: Wolf
C53: 2 | D53: 0 | J53: 3 | K53: 0 | O53: Handicap Match | Q53: 0 | R53: 1 | S53: 1 | X53: 1 | Y53: 0 | AE53: 0 | AF53: 3 | AL53: 2 | AM53: 0 | AS53: 3 | AT53: 0 | AZ53: 1 | BA53: 0 | BG53: 0 | BH53: 2 | BI53: 0 | BJ53: 0 | BN53: 0 | BO53: 3 | BU53: 1 | BV53: 0 | CB53: 1 | CC53: 0
B54: 2 | C54: DK - W | D54: Peach | H54: #1 Contender Hardcore | I54: 2 | J54: Fox | K54: Marth - W | P54: 2 | Q54: Diddy Kong - W | R54: DK | W54: 2 | X54: Mr. Game & Watch - W | Y54: Jigglypuff | AD54: 2 | AE54: Fox | AF54: Lucas - W | AJ54: If Wolf wins, added to Human | AK54: 2 | AL54: Wolf | AM54: Bowser - W | AR54: 2 | AS54: Ness | AT54: Marth - W | AY54: 2 | AZ54: Wolf - W | BA54: ROB | BF54: 2 | BG54: Marth - W | BH54: Peach | BM54: 2 | BN54: Samus - W | BO54: Ness | BT54: 2 | BU54: Jigglypuff | BV54: Peach - W | BZ54: Spot in Human | CA54: 2 | CB54: Marth - W | CC54: Snake
C55: 2 | D55: 0 | J55: -1 | K55: 1 | Q55: 2 | R55: 0 | X55: 3 | Y55: 0 | AE55: 0 | AF55: 3 | AL55: 0 | AM55: 2 | AS55: 0 | AT55: 2 | AZ55: 1 | BA55: 0 | BG55: 1 | BH55: 0 | BN55: 2 | BO55: 0 | BU55: 0 | BV55: 1 | CB55: 2 | CC55: 0
B56: 3 | C56: Wario - W | D56: Wolf | H56: Human Championship | I56: 3 | J56: Diddy Kong - W | K56: ROB | P56: 3 | Q56: Snake - W | R56: Peach | W56: 3 | X56: Toon Link - W | Y56: Diddy Kong - W | Z56: Ness | AA56: Lucas | AD56: 3 | AE56: ROB - W | AF56: Ice Climbers | AK56: 3 | AL56: Captain Falcon - W | AM56: Jigglypuff | AR56: 3 | AS56: Samus - W | AT56: Jigglypuff | AY56: 3 | AZ56: Marth - W | BA56: Falco | BF56: 3 | BG56: Falco | BH56: Kirby - W | BM56: 3 | BN56: Lucas | BO56: Diddy Kong - W | BT56: 3 | BU56: Falco - W | BV56: Kirby | BZ56: Spot in Human | CA56: 3 | CB56: Captain Falcon - W | CC56: Bowser
C57: 2 | D57: 0 | J57: 1 | K57: 0 | Q57: 1 | R57: 0 | X57: 0 | Y57: 1 | Z57: 0 | AA57: 0 | AE57: 2 | AF57: 0 | AL57: 3 | AM57: 0 | AS57: 3 | AT57: 0 | AZ57: 1 | BA57: 0 | BG57: 0 | BH57: 2 | BN57: 0 | BO57: 1 | BU57: 1 | BV57: 0 | CB57: 1 | CC57: 0
B58: 4 | C58: Samus - W | D58: Snake | H58: Spot in Pokeball match | I58: 4 | J58: Toon Link - W | K58: Ice Climbers | P58: 4 | Q58: Samus | R58: Ness - W | W58: 4 | X58: Wolf | Y58: Samus - W | AD58: 4 | AE58: Zelda | AF58: Wario - W | AK58: 4 | AL58: Sonic - W | AM58: Falco | AQ58: #6 & #5 | AR58: 4 | AS58: Kirby - W | AT58: Pikachu | AX58: Spot in Human | AY58: 4 | AZ58: Bowser - W | BA58: Peach | BF58: 4 | BG58: Ness - W | BH58: Sonic | BM58: 4 | BN58: Pikachu - W | BO58: Pokemon Trainer | BT58: 4 | BU58: Sonic | BV58: Marth - W | CA58: 4 | CB58: Falco | CC58: Toon Link - W
C59: 2 | D59: 0 | J59: 3 | K59: 0 | Q59: 0 | R59: 1 | X59: 0 | Y59: 2 | AE59: 0 | AF59: 3 | AL59: 2 | AM59: 0 | AS59: 1 | AT59: 0 | AZ59: 2 | BA59: 0 | BG59: 1 | BH59: 0 | BN59: 2 | BO59: 0 | BU59: 0 | BV59: 1 | CB59: 0 | CC59: 2
A60: #1 Contender Hardcore | B60: 5 | C60: Lucas - W | D60: Ness | H60: Spot in Pokeball match | I60: 5 | J60: Lucario | K60: Wario - W | O60: Spot in Smash Bros. | P60: 5 | Q60: Wario - W | R60: Lucas | V60: Spot in MITB | W60: 5 | X60: DK | Y60: ROB - W | AD60: 5 | AE60: Diddy Kong - W | AF60: DK | AJ60: #1 Contender Brawl | AK60: 5 | AL60: Marth | AM60: Diddy Kong - W | AQ60: #4 & #3 | AR60: 5 | AS60: ROB | AT60: Sonic - W | AX60: Spot in Human | AY60: 5 | AZ60: Captain Falcon | BA60: Snake - W | BF60: 5 | BG60: Diddy Kong | BH60: Lucas - W | BM60: 5 | BN60: Marth | BO60: Kirby - W | BS60: #1 Contender Brawl | BT60: 5 | BU60: Pikachu - W | BV60: Pokemon Trainer | BZ60: #1 Contender Hardcore | CA60: 5 | CB60: Ness | CC60: Kirby - W
C61: 1 | D61: -1 | J61: 0 | K61: 1 | Q61: 2 | R61: 0 | X61: 0 | Y61: 2 | AE61: 2 | AF61: 0 | AL61: 0 | AM61: 1 | AS61: 0 | AT61: 1 | AZ61: 0 | BA61: 1 | BG61: 0 | BH61: 1 | BN61: 0 | BO61: 2 | BU61: 1 | BV61: 0 | CB61: 0 | CC61: 0
B63: Melee | C63: Mario Circuit | I63: Melee | J63: Halberd | P63: Melee | Q63: Smashville | W63: Melee | X63: Pictochat | AD63: Melee | AE63: Onett | AK63: Melee | AL63: Battlefield | AR63: Melee | AS63: Bridge of Eldin | AY63: Melee | AZ63: Lylat Cruise | BF63: Melee | BG63: 75m | BM63: Melee | BN63: Hanenbow | BT63: Melee | BU63: Corneria | CA63: Melee | CB63: Risk
B64: 1 | C64: Ganondorf | D64: Mr. Game & Watch - W | I64: 1 | J64: King Dedede - W | K64: Ike | P64: 1 | Q64: Meta Knight - W | R64: King Dedede | W64: 1 | X64: Mario - W | Y64: Pokemon Trainer | AD64: 1 | AE64: Ness - W | AF64: King Dedede | AK64: 1 | AL64: Lucario - W | AM64: Meta Knight | AQ64: Guest Appearance Toon Link | AR64: 1 | AS64: Ganondorf | AT64: Zelda - W | AU64: Toon Link - W | AX64: #1 Contender Tag | AY64: 1 | AZ64: Fox - W | BA64: Falco - W | BB64: DK | BC64: King Dedede | BF64: 1 | BG64: DK - W | BH64: Ice Climbers | BM64: 1 | BN64: Olimar - W | BO64: King Dedede | BS64: Guest apperance | BT64: 1 | BU64: Wolf - W | BV64: King Dedede | CA64: 1 | CB64: Zelda | CC64: Wario - W
C65: 0 | D65: 2 | J65: 2 | K65: 0 | Q65: 2 | R65: 0 | X65: 2 | Y65: 0 | AE65: 2 | AF65: 0 | AL65: 1 | AM65: 0 | AS65: 0 | AT65: 3 | AU65: 3 | AZ65: 1 | BA65: 2 | BB65: 0 | BC65: 0 | BG65: 1 | BH65: 0 | BN65: 3 | BO65: 0 | BU65: 3 | BV65: 0 | CB65: 0 | CC65: 1
B66: 2 | C66: Link - W | D66: Bowser | I66: 2 | J66: Pokemon Trainer | K66: Meta Knight - W | P66: 2 | Q66: Bowser | R66: Olimar - W | W66: 2 | X66: Yoshi - W | Y66: Falco | AD66: 2 | AE66: Lucas - W | AF66: Falco | AK66: 2 | AL66: Zelda - W | AM66: Olimar | AR66: 2 | AS66: Olimar | AT66: Link - W | AX66: Guest Apperance by Wolf | AY66: 2 | AZ66: Wolf - W | BA66: Wario | BE66: Special Guest by Ness | BF66: 2 | BG66: Ness - W | BH66: Ganondorf | BM66: 2 | BN66: Zelda | BO66: Mr. Game & Watch - W | BS66: Guest appearance by Falco | BT66: 2 | BU66: Falco - W | BV66: Ice Climbers | CA66: 2 | CB66: King Dedede | CC66: Ganondorf - W
C67: 2 | D67: 0 | J67: 0 | K67: 1 | Q67: 0 | R67: 2 | X67: 1 | Y67: 0 | AE67: 1 | AF67: 0 | AL67: 1 | AM67: 0 | AS67: 0 | AT67: 3 | AZ67: 1 | BA67: 0 | BG67: 1 | BH67: 0 | BN67: 0 | BO67: 2 | BU67: 3 | BV67: 0 | CB67: 0 | CC67: 1
B68: 3 | C68: Falco - W | D68: Olimar | I68: 3 | J68: Pikachu - W | K68: Falco | P68: 3 | Q68: Pit - W | R68: Ganondorf | V68: #1 Contender Special | W68: 3 | X68: Ganondorf | Y68: King Dedede - W | AD68: 3 | AE68: Pit | AF68: Mr. Game & Watch - W | AK68: 3 | AL68: Ike | AM68: Link - W | AR68: 3 | AS68: Mario - W | AT68: Wario | AY68: 3 | AZ68: Link - W | BA68: Ice Climbers | BF68: 3 | BG68: King Dedede | BH68: Fox - W | BM68: 3 | BN68: Ice Climbers | BO68: Yoshi - W | BT68: 3 | BU68: Meta Knight - W | BV68: Ganondorf | BZ68: #1 contender Special | CA68: 3 | CB68: Link | CC68: Lucario - W
C69: 3 | D69: 0 | J69: 1 | K69: 0 | Q69: 1 | R69: 0 | V69: Coin Match | X69: 61 | Y69: 73 | AE69: 0 | AF69: 2 | AL69: 0 | AM69: 2 | AS69: 1 | AT69: 0 | AZ69: 2 | BA69: 0 | BG69: 0 | BH69: 1 | BN69: 0 | BO69: 1 | BU69: 2 | BV69: 0 | BZ69: 300% Match | CB69: 0 | CC69: 1
A70: Spot in Royal Rumble | B70: 4 | C70: King Dedede | D70: Yoshi | E70: Luigi - W | H70: Good comeback to stay undefeated (Down 3 - 1) | I70: 4 | J70: Captain Falcon | K70: Mr. Game & Watch - W | P70: 4 | Q70: Link | R70: Pikachu - W | V70: Spot in MITB | W70: 4 | X70: Ike - W | Y70: Link | AC70: #1 contender Special | AD70: 4 | AE70: Olimar - W | AF70: Pokemon Trainer | AJ70: #1 contender special | AK70: 4 | AL70: DK | AM70: Fox - W | AQ70: #6 & #5 | AR70: 4 | AS70: Pit | AT70: Ike - W | AX70: Ike earns spot in Melee after performance | AY70: 4 | AZ70: Ike - W | BA70: Pit | BF70: 4 | BG70: Meta Knight | BH70: Yoshi - W | BM70: 4 | BN70: Link | BO70: Meta Knight - W | BT70: 4 | BU70: Fox - W | BV70: Ike | BZ70: #1 contender Animal | CA70: 4 | CB70: Mario - W | CC70: Meta Knight
C71: 0 | D71: 0 | E71: 1 | J71: 0 | K71: 1 | Q71: 0 | R71: 1 | X71: 2 | Y71: 0 | AC71: Mini Flower match | AE71: 1 | AF71: 0 | AJ71: Mega Match | AL71: 0 | AM71: 1 | AS71: 0 | AT71: 1 | AZ71: 2 | BA71: 0 | BG71: 0 | BH71: 2 | BN71: 0 | BO71: 1 | BU71: 1 | BV71: 0 | CB71: 2 | CC71: 0
A72: #1 Contender Melee | B72: 5 | C72: Ike | D72: Kirby - W | H72: #1 Contender Melee | I72: 5 | J72: Kirby - W | K72: Link | O72: Spot in Smash Bros. | P72: 5 | Q72: Kirby - W | R72: Mario | V72: #1 contender Melee | W72: 5 | X72: Mr. Game & Watch - W | Y72: Captain Falcon | AC72: If mario wins, he is added to animal | AD72: 5 | AE72: Mario - W | AF72: Captain Falcon | AK72: 5 | AL72: Mario | AM72: Wario - W | AQ72: #4 & #3 | AR72: 5 | AS72: Yoshi | AT72: Mr. Game & Watch - W | AX72: Spot in Special If Mario wins | AY72: 5 | AZ72: Mario | BA72: Ganondorf - W | BB72: Lucario | BF72: 5 | BG72: Link | BH72: Ike - W | BM72: 5 | BN72: Wario - W | BO72: Mario | BS72: Great match, good comeback by Luigi down 2 - 1 | BT72: 5 | BU72: Mario | BV72: Luigi - W | BZ72: Spot in Melee | CA72: 5 | CB72: Luigi - W | CC72: DK
C73: 0 | D73: 2 | J73: 1 | K73: 0 | Q73: 1 | R73: 0 | X73: 2 | Y73: 0 | AE73: 1 | AF73: 0 | AL73: 0 | AM73: 2 | AS73: 0 | AT73: 3 | AX73: 300% Heavy Match | AZ73: 0 | BA73: 3 | BB73: 0 | BG73: 0 | BH73: 1 | BN73: 1 | BO73: 0 | BU73: 0 | BV73: 1 | CB73: 1 | CC73: 0
B75: Royal Rumble | C75: Rumble Falls | I75: Pokeslam | J75: Pokemon Stadium 2 | P75: Brawlmania | Q75: New Pork City | W75: Money In The Bank | X75: Hanenbow | AD75: Ignition | AE75: Corneria | AK75: Summer Slam | AL75: Delfino Plaza | AR75: Final Destination Tournament | AS75: Final Destination | AU75: Need to outlaw hammers | AV75: Low item drop next time | AY75: The Great Race | AZ75: Port Town Aero Drive | BF75: King of the Hill | BG75: Summit | BM75: Cyber Sunday | BN75: Shadow Moses Island | BT75: Championship Cruise | BU75: Rainbow Cruise | CA75: Championship Scramble | CB75: X5
A76: Animal Championship | B76: 1 | C76: Pikachu - W | D76: Captain Falcon | H76: Hardcore Championship | I76: 1 | J76: Sonic | K76: Marth - W | O76: Human Championship | P76: 1 | Q76: ROB - W | R76: Wolf | V76: Special Championship | W76: 1 | X76: Yoshi - W | Y76: King Dedede | AC76: Unified Tag Team Championship | AD76: 1 | AE76: Pikachu - W | AF76: Ike - W | AG76: Fox | AH76: Falco | AJ76: Animal Championship | AK76: 1 | AL76: Mario - W | AM76: Link | AQ76: 1 vs. 16 | AR76: 1 | AS76: Toon Link (Defending) | AT76: Bowser - W | AV76: Brawl | AX76: Unified Tag Team Championship | AY76: 1 | AZ76: Pikachu - W | BA76: Ike - W | BB76: Fox | BC76: Falco | BE76: Animal Championship | BF76: 1 | BG76: Mario | BH76: Wario - W | BL76: Hardcore Championship | BM76: 1 | BN76: Sonic | BO76: Samus - W | BS76: Animal Championship | BT76: 1 | BU76: Wario - W | BV76: Link | BZ76: Hardcore Championship | CA76: 1 | CB76: Samus | CC76: Kirby - W
C77: 2 | D77: 0 | H77: Went to sudden death | J77: -1 | K77: 1 | O77: Diddy Kong forfeited title | Q77: 1 | R77: 0 | V77: Coin Match | X77: 86 | Y77: 68 | AE77: 2 | AF77: 2 | AG77: 0 | AH77: 0 | AL77: 1 | AM77: 0 | AS77: 0 | AT77: 1 | AZ77: 2 | BA77: 2 | BB77: 0 | BC77: 0 | BG77: 0 | BH77: 1 | BL77: 1. Samus 2. Lucas & Ness 3. Bowser | BN77: 0 | BO77: 0 | BU77: 1 | BV77: 0 | BZ77: Samus killed Kirby at buzzer but didn’t count | CB77: -1 | CC77: 1
A78: Unified Tag Team Championship | B78: 2 | C78: Toon Link - W | D78: Zelda - W | E78: Ganondorf | F78: Link | H78: Unified Tag Team Championship | I78: 2 | J78: Toon Link - W | K78: Zelda - W | L78: Snake | M78: Wolf | O78: Animal Championship | P78: 2 | Q78: Pit - W | R78: Link | V78: Human Championship | W78: 2 | X78: ROB - W | Y78: Peach | AC78: Hardcore Championship | AD78: 2 | AE78: DK | AF78: Sonic - W | AG78: Wario | AJ78: Human Championship | AK78: 2 | AL78: ROB - W | AM78: Bowser | AQ78: 2 vs. 15 | AR78: 2 | AS78: Diddy Kong - W | AT78: Peach | AX78: Human Championship | AY78: 2 | AZ78: ROB - W | BA78: Bowser | BB78: Snake | BE78: Hardcore Championship | BF78: 2 | BG78: Sonic - W | BH78: Samus | BL78: Animal Championship | BM78: 2 | BN78: Wario - W | BO78: DK | BS78: Human Championship | BT78: 2 | BU78: Falco - W | BV78: ROB | BZ78: Special Championship | CA78: 2 | CB78: Olimar - W | CC78: Lucario
C79: 1 | D79: 0 | E79: 0 | F79: 0 | J79: 1 | K79: 2 | L79: 0 | M79: 0 | Q79: 1 | R79: 0 | X79: 2 | Y79: 0 | AE79: -1 | AF79: 2 | AG79: -1 | AL79: 1 | AM79: 0 | AS79: 1 | AT79: 0 | AZ79: 2 | BA79: 0 | BB79: 0 | BG79: 1 | BH79: -1 | BL79: 1. only projectiles 2. no items 3. high items | BN79: 2 | BO79: 0 | BU79: 2 | BV79: 0 | BZ79: 300% Match // comeback from 3 - 1 | CB79: 1 | CC79: 0
A80: Human Championship | B80: 3 | C80: Diddy Kong - W | D80: Ice Climbers | H80: Animal Championship | I80: 3 | J80: Pikachu | K80: Pit - W | O80: Unified Tag Team Championship | P80: 3 | Q80: Toon Link | R80: Zelda | S80: Ike - W | T80: Pikachu - W | V80: Unified Tag Team Championship | W80: 3 | X80: Pikachu - W | Y80: Ike - W | Z80: Lucas | AA80: Ness | AC80: Special Championship | AD80: 3 | AE80: Yoshi - W | AF80: Olimar | AJ80: Special Championship | AK80: 3 | AL80: Yoshi - W | AM80: Fox | AQ80: 3 vs. 14 | AR80: 3 | AS80: Sonic - W | AT80: Wolf | AX80: Special Championship | AY80: 3 | AZ80: Yoshi - W | BA80: Ganondorf | BB80: Lucario | BE80: Special Championship | BF80: 3 | BG80: Yoshi - W | BH80: Olimar | BL80: Human Championship | BM80: 3 | BN80: ROB | BO80: Falco - W | BS80: Special Championship | BT80: 3 | BU80: Yoshi | BV80: Olimar - W | BZ80: Human Championship | CA80: 3 | CB80: Falco | CC80: Marth - W | CD80: Captain Falcon
C81: 1 | D81: 0 | J81: 0 | K81: 2 | Q81: 0 | R81: 0 | S81: 2 | T81: 2 | X81: 2 | Y81: 1 | Z81: 0 | AA81: 0 | AC81: Mini Flower match | AE81: 2 | AF81: 0 | AJ81: Mega match | AL81: 2 | AM81: 0 | AS81: 1 | AT81: 0 | AX81: 300% Heavy Match | AZ81: 1 | BA81: 0 | BB81: 0 | BE81: Coin Match | BG81: 182 | BH81: 23 | BL81: 1. Only Fans 2. Only Bananas 3. Only Baseball bats | BN81: 0 | BO81: 2 | BS81: Coin Match (1st time champion has lost at Championship Cruise) | BU81: 52 | BV81: 55 | CB81: 0 | CC81: 1 | CD81: 0
A82: Special Championship | B82: 4 | C82: Pokemon Trainer | D82: Mr. Game & Watch - W | H82: Human Championship | I82: 4 | J82: Diddy Kong - W | K82: DK | O82: Special Championship | P82: 4 | Q82: Yoshi - W | R82: Falco | V82: Animal Championship | W82: 4 | X82: Pit - W | Y82: Pikachu | AC82: Human Championship | AD82: 4 | AE82: ROB - W | AF82: Ness | AJ82: Hardcore Championship | AK82: 4 | AL82: Sonic - W | AM82: Pikachu | AQ82: 4 vs. 13 | AR82: 4 | AS82: ROB | AT82: Falco - W | AX82: Hardcore Championship | AY82: 4 | AZ82: Sonic - W | BA82: Pikachu | BB82: Samus | BC82: Diddy Kong | BE82: Human Championship | BF82: 4 | BG82: ROB - W | BH82: Snake | BL82: Special Championship | BM82: 4 | BN82: Yoshi - W | BO82: Ganondorf | BS82: Hardcore Championship | BT82: 4 | BU82: Samus - W | BV82: Wolf | BZ82: Animal Championship | CA82: 4 | CB82: Wario - W | CC82: Mario
A83: Coin Match | C83: 7 | D83: 37 | J83: 3 | K83: 0 | O83: Coin Match | Q83: 196 | R83: 32 | V83: Pikachu 30% Handicap | X83: 1 | Y83: 0 | AC83: MoTY candidate: ROB down 2 - 1(109%), gets 2 finishers then a bazooka for the win) | AE83: 1 | AF83: 0 | AL83: 1 | AM83: -1 | AS83: 0 | AT83: 1 | AX83: 30% Handicap | AZ83: 4 | BA83: 0 | BB83: -3 | BC83: -1 | BG83: 2 | BH83: 0 | BL83: 1. Normal Match 2. Coin Match 3. Special of your choice | BN83: 2 | BO83: 0 | BU83: 2 | BV83: -2 | CB83: 2 | CC83: 0
A84: Hardcore Championship | B84: 5 | C84: Sonic - W | D84: Lucas | H84: Special Championship | I84: 5 | J84: Mr. Game & Watch | K84: Yoshi - W | O84: Hardcore Championship | P84: 5 | Q84: Marth | R84: DK - W | V84: Hardcore Championship | W84: 5 | X84: DK - W | Y84: Wolf | AC84: Animal Championship | AD84: 5 | AE84: Pit | AF84: Captain Falcon | AG84: Mario - W | AJ84: Unified Tag Team Championship | AK84: 5 | AL84: Ike - W | AM84: Pikachu - W | AN84: Ness | AO84: Lucas | AQ84: 5 vs. 12 | AR84: 5 | AS84: Kirby - W | AT84: Snake | AX84: Animal Championship | AY84: 5 | AZ84: Mario - W | BA84: Wario | BB84: Meta Knight | BE84: Unified Tag Team Championship | BF84: 5 | BG84: Pikachu - W | BH84: Ike - W | BI84: Wolf | BJ84: Bowser | BL84: Unified Tag Team Championship | BM84: 5 | BN84: Pikachu - W | BO84: Ike - W | BP84: Lucario | BQ84: Pit | BS84: Unified Tag Team Championship | BT84: 5 | BU84: Ike - W | BV84: Pikachu - W | BW84: Wolf | BX84: Bowser | BZ84: Unified Tag Team Championship | CA84: 5 | CB84: Ike - W | CC84: Pikachu - W | CD84: Ice Climbers | CE84: Zelda
C85: 1 | D85: -1 | H85: Flower Stamina Match | J85: 0 | K85: 175 HP | Q85: -1 | R85: 1 | X85: 2 | Y85: -2 | AC85: All fighters died at same time (bomb), Mario wins because he had 2 lives | AE85: 0 | AF85: 0 | AG85: 1 | AJ85: 70% Handicap Pikachu, Ike 6 KOs | AL85: 1 | AM85: 0 | AN85: 0 | AO85: 0 | AS85: 1 | AT85: 0 | AZ85: 1 | BA85: 0 | BB85: 0 | BG85: 2 | BH85: 2 | BI85: 0 | BJ85: 0 | BL85: 1. Friendly Fire 2. No Smash Balls 3. All items | BN85: 3 | BO85: 2 | BP85: 0 | BQ85: 0 | BS85: Wolf 140% Handicap | BU85: 1 | BV85: 2 | BW85: 0 | BX85: 0 | CB85: 2 | CC85: 3 | CD85: 0 | CE85: 0
A86: Melee Championship | B86: 6 | C86: Mario - W | D86: Kirby | H86: Pokeball Match | I86: 6 | J86: Meta Knight | K86: Pokemon Trainer | L86: Toon Link | M86: Wario - W | O86: Brawl Championship | P86: 6 | Q86: Diddy Kong - W | R86: Toon Link | V86: MITB Melee | W86: 6 | X86: Captain Falcon | Y86: Mario - W | Z86: Pit | AA86: Ike | AC86: Brawl Championship | AD86: 6 | AE86: Toon Link - W | AF86: Diddy Kong | AJ86: Brawl Championship | AK86: 6 | AL86: Toon Link - W | AM86: Diddy Kong | AQ86: 6 vs. 11 | AR86: 6 | AS86: Pikachu - W | AT86: Samus | AX86: Brawl Championship | AY86: 6 | AZ86: Kirby | BA86: Toon Link - W | BB86: Ness | BE86: Melee Championship | BF86: 6 | BG86: Pit - W | BH86: Mario | BL86: Brawl Championship | BM86: 6 | BN86: Marth | BO86: Toon Link - W | BS86: Melee Championship | BT86: 6 | BU86: Mario | BV86: Pit - W | BZ86: 1 vs. 1 - Brawl Scramble | CA86: 6 | CB86: ROB - W | CC86: Sonic (PL)
C87: 1 | D87: 0 | H87: Toon Link with 50% handicap | J87: 0 | K87: 0 | L87: 0 | M87: 1 | O87: Toon Link 100% Handicap | Q87: 4 | R87: 0 | V87: Pit 40% Ike 50% Handicap | X87: 0 | Y87: 2 | Z87: 1 | AA87: 1 | AE87: 3 | AF87: 0 | AL87: 1 | AM87: 0 | AS87: 1 | AT87: 0 | AX87: Good match, Toon Link had 140%, Kirby had 170% | AZ87: 0 | BA87: 1 | BB87: 0 | BE87: 60% Handicap for Mario | BG87: 1 | BH87: 0 | BL87: 1. 3 min coin 2. 3 min Hardcore 3. Assist trophies only | BN87: -3 | BO87: 3 | BU87: 0 | BV87: 1 | BZ87: Toon Link, ROB, Sonic, Pikachu, Diddy Kong | CB87: 1 | CC87: 0
A88: Brawl Championship | B88: 7 | C88: Diddy Kong - W | D88: Wario | H88: Brawl Championship | I88: 7 | J88: Diddy Kong - W | K88: Lucas | O88: Melee Championship | P88: 7 | Q88: Meta Knight | R88: Luigi - W | V88: MITB Brawl | W88: 7 | X88: Samus | Y88: Sonic | Z88: Marth - W | AA88: ROB | AC88: Melee Championship | AD88: 7 | AE88: Luigi - W | AF88: Ike | AJ88: Melee Championship | AK88: 7 | AL88: Luigi - W | AM88: Mario | AQ88: 7 vs. 10 | AR88: 7 | AS88: Marth - W | AT88: Lucas | AX88: Melee Championship | AY88: 7 | AZ88: Mario | BA88: Luigi | BB88: Pit - W | BC88: Ike | BE88: Brawl Championship | BF88: 7 | BG88: Toon Link - W | BH88: Pikachu | BL88: Melee Championship | BM88: 7 | BN88: Pit | BO88: Mario - W | BP88: Luigi | BS88: Brawl Championship | BT88: 7 | BU88: Toon Link - W | BV88: Pikachu | BZ88: 1 vs. 2 | CA88: 7 | CB88: ROB (PL) | CC88: Toon Link - W (Defending)
A89: 40 % Handicap for Diddy Kong | C89: 1 | D89: 0 | H89: 10 % Handicap for Diddy Kong | J89: 1 | K89: 0 | Q89: 0 | R89: 1 | V89: ROB 30% Handicap | X89: 0 | Y89: 1 | Z89: 2 | AA89: 1 | AC89: Ike 30% Handicap | AE89: 2 | AF89: 0 | AJ89: Mario has 50% handicap | AL89: 1 | AM89: 0 | AS89: 1 | AT89: 0 | AX89: 30% Handicap Ike, Mario 50 % Handicap, Great match, all competitiors had 1 live left, Mario got snorlax which killed Luigi and Ike...Mario had 160%, Pit 140%, Pit wins. | AZ89: 0 | BA89: 0 | BB89: 1 | BC89: 0 | BE89: 30% Handicap for Pikachu | BG89: 1 | BH89: 0 | BL89: 1. Luigi added in 2. 1 stock 3. Regular | BN89: 0 | BO89: 2 | BP89: 0 | BS89: 70% Handicap Pikachu | BU89: 2 | BV89: 0 | CB89: 0 | CC89: 1
A90: Royal Rumble | B90: 8 | C90: Lucario | D90: Fox | E90: Pit | F90: Luigi - W | H90: Melee Championship | I90: 8 | J90: Mario | K90: Kirby - W | O90: Smash Bros. Championship | P90: 8 | Q90: Lucario | R90: Mr. Game & Watch | S90: Wario | T90: Kirby - W | V90: Melee Championship | W90: 8 | X90: Luigi - W | Y90: Mr. Game & Watch | AC90: Melee Championship | AD90: 8 | AE90: Luigi - W | AF90: Mario | AQ90: 8 vs. 9 | AR90: 8 | AS90: Captain Falcon | AT90: Ness - W | BE90: Brawl Championship | BF90: 8 | BG90: Marth - W | BH90: Toon Link | BL90: Pit 60% Handicap | BZ90: 2 vs. 3 - Pikachu 10% Handicap | CA90: 8 | CB90: Toon Link (PL) (Defending) | CC90: Pikachu - W
C91: 0 | D91: 0 | E91: 0 | F91: 1 | J91: 0 | K91: 1 | Q91: 0 | R91: 0 | S91: 0 | T91: 1 | X91: 2 | Y91: 0 | AC91: Mario Cashes in…Luigi 30%, Mario 40% | AE91: 1 | AF91: 0 | AS91: 0 | AT91: 1 | BE91: Marth cashes in MITB, 50% handicap for Toon Link | BG91: 1 | BH91: 0 | CB91: 0 | CC91: 1
H92: Melee Championship | I92: 9 | J92: Kirby | K92: Meta Knight - W | V92: Brawl Championship | W92: 9 | X92: Diddy Kong | Y92: Toon Link - W | AQ92: 16 vs. 9 | AR92: 9 | AS92: Bowser | AT92: Ness - W | BZ92: 3 vs. 4 - Brawl Championship | CA92: 10 | CB92: Pikachu (PL) | CC92: Diddy Kong - W
H93: Meta Knight Cashes in MITB | J93: 0 | K93: 1 | V93: Diddy Kong first loss of season | X93: 0 | Y93: 2 | AD93: Ignition Draft | AS93: 0 | AT93: 1 | CB93: 0 | CC93: 1
AQ94: 13 vs. 5 | AR94: 10 | AS94: Falco | AT94: Kirby - W | BZ94: 1 vs. 1 - Melee Scramble | CA94: 11 | CB94: Yoshi (PL) | CC94: Mr. Game & Watch - W
AD95: Melee | AF95: Brawl | AS95: 0 | AT95: 1 | BZ95: Pit, Fox, Yoshi, Mr. Game & Watch, Luigi | CB95: 0 | CC95: 1
AD96: 1 - Fox | AF96: 1 - Pikachu | AQ96: 3 vs. 6 | AR96: 11 | AS96: Sonic | AT96: Pikachu - W | BZ96: 1 vs. 2 | CA96: 12 | CB96: Mr. Game & Watch - W (PL) | CC96: Luigi
AD97: 2 - Ice Climbers | AF97: 2 - Kirby | AS97: 0 | AT97: 1 | CB97: 1 | CC97: 0
AD98: 3 - Wario | AF98: 3 - Bowser | AQ98: 2 vs. 7 | AR98: 12 | AS98: Diddy Kong | AT98: Marth - W | BZ98: 1 vs. 3 | CA98: 13 | CB98: Mr. Game & Watch (PL) | CC98: Pit - W (Defending)
AD99: 4 - DK | AF99: 4 - Captain Falcon | AS99: 0 | AT99: 1 | CB99: 0 | CC99: 1
AD100: 5 - Lucario | AF100: 5 - Pokemon Trainer | AQ100: 9 vs. 5 | AR100: 13 | AS100: Ness | AT100: Kirby - W | BZ100: 3 vs. 4 - Melee Championship | CA100: 14 | CB100: Pit - W (PL) (Defending) | CC100: Fox
AD101: 6 - Zelda | AF101: 6 - Falco | AS101: 0 | AT101: 1 | CB101: 1 | CC101: 0
AQ102: 7 vs. 6 | AR102: 14 | AS102: Marth | AT102: Pikachu - W
AS103: 0 | AT103: 1
AQ104: 5 vs. 6 - Brawl Championship | AR104: 15 | AS104: Kirby - W | AT104: Pikachu
AS105: 1 | AT105: 0
AQ106: 1 vs. 16 | AR106: 1 | AS106: Luigi - W (Defending) | AT106: King Dedede | AV106: Melee
AS107: 1 | AT107: 0
...

Sheet Season 5 Awards
B1: Brawler of the Year | C1: W | D1: L | E1: Description
A2: 1 | B2: Toon Link | C2: 25 | D2: 7 | E2: 3x Brawl, came in with Tag and held for four months, held Brawl for 6 months
A3: 2 | B3: Mario | C3: 26 | D3: 17 | E3: 2x Melee (came into year with Melee), 1x Animal, Won Melee tournament, held Melee 4 months, held Animal for 5 months
A4: 3 | B4: Diddy Kong | C4: 21 | D4: 8 | E4: 1x Brawl, came into year with it and held for 4 months, finished year with it, 1x Human, held 2 months and forfeited, held Human and Brawl concurrently until Brawlmania
A5: 4 | B5: Kirby | C5: 19 | D5: 8 | E5: Held Brawl, Melee (cashed in on), and Hardcore (just won); Won Smash Bros; Won Brawl Tourney; held Brawl for 1 month
A6: 5 | B6: Luigi | C6: 20 | D6: 7 | E6: Royal Rumble winner; held Melee for 4 months (lost at tourney)
B8: Tag Team of the Year
A9: 1 | B9: Zelda + Toon Link | E9: Came into year and Held 3 months
A10: 2 | B10: Ike and Pikachu | E10: Held for 9 months and finished year
B12: Most Improved | C12: W | D12: L
A13: 1 | B13: Mario | C13: 26 | D13: 17 | E13: From 16-16
A14: 2 | B14: Yoshi | C14: 19 | D14: 13 | E14: From 14-24
A15: 3 | B15: Olimar | C15: 11 | D15: 14 | E15: From 5-21
A16: 4 | B16: Luigi | C16: 20 | D16: 7 | E16: From 14-14
A17: 5 | B17: Mr. Game & Watch | C17: 19 | D17: 9 | E17: From 11-17
B19: Most Disappointing | C19: W | D19: L
A20: 1 | B20: Bowser | C20: 7 | D20: 25 | E20: From 17-9
A21: 2 | B21: Fox | C21: 12 | D21: 19 | E21: From 19-17
A22: 3 | B22: Zelda | C22: 10 | D22: 15 | E22: From 19-9
A23: 4 | B23: Captain Falcon | C23: 11 | D23: 17 | E23: From 19-17
A24: 5 | B24: Meta Knight | C24: 10 | D24: 16 | E24: From 20-10
B26: Match of the Year
A27: 1 | B27: ROB vs. Ness | C27: Human Championship at Igniton
A28: 2 | B28: Mario vs. Pit vs. Ike vs. Luigi | C28: Melee Championship at The Great Race
A29: 3 | B29: Olimar vs. Lucario | C29: Special Championship at Championship Scramble
A30: 4 | B30: Kirby vs. Toon Link vs. Ness | C30: Brawl Championship at The Great Race
A31: 5 | B31: Ganondorf vs. Yoshi | C31: Melee show at Flatzone 2

Sheet Season 5 Stats
A1: Brawl Fighters | B1: W | C1: L
A2: Pikachu | B2: =COUNTIF('Season 5'!A:CF, CONCATENATE(TRIM(A2), " ","-"," ","W*")) -> 28 | C2: =SUM(COUNTIF('Season 5'!A:AAO, TRIM(A2)), COUNTIF('Season 5'!A:AAO, TRIM(A2) & " (Defending)"), COUNTIF('Season 5'!A:AAO, TRIM(A2) & " (PL)"), COUNTIF('Season 5'!A:AAO, TRIM(A2) & " (PL) (Defending)")) -> 12
A3: Toon Link | B3: =COUNTIF('Season 5'!A:CF, CONCATENATE(TRIM(A3), " ","-"," ","W*")) -> 26 | C3: =SUM(COUNTIF('Season 5'!A:AAO, TRIM(A3)), COUNTIF('Season 5'!A:AAO, TRIM(A3) & " (Defending)"), COUNTIF('Season 5'!A:AAO, TRIM(A3) & " (PL)"), COUNTIF('Season 5'!A:AAO, TRIM(A3) & " (PL) (Defending)")) -> 8
A4: Diddy Kong | B4: =COUNTIF('Season 5'!A:CF, CONCATENATE(TRIM(A4), " ","-"," ","W*")) -> 21 | C4: =SUM(COUNTIF('Season 5'!A:AAO, TRIM(A4)), COUNTIF('Season 5'!A:AAO, TRIM(A4) & " (Defending)"), COUNTIF('Season 5'!A:AAO, TRIM(A4) & " (PL)"), COUNTIF('Season 5'!A:AAO, TRIM(A4) & " (PL) (Defending)")) -> 8
A5: Marth | B5: =COUNTIF('Season 5'!A:CF, CONCATENATE(TRIM(A5), " ","-"," ","W*")) -> 22 | C5: =SUM(COUNTIF('Season 5'!A:AAO, TRIM(A5)), COUNTIF('Season 5'!A:AAO, TRIM(A5) & " (Defending)"), COUNTIF('Season 5'!A:AAO, TRIM(A5) & " (PL)"), COUNTIF('Season 5'!A:AAO, TRIM(A5) & " (PL) (Defending)")) -> 9
A6: Kirby | B6: =COUNTIF('Season 5'!A:CF, CONCATENATE(TRIM(A6), " ","-"," ","W*")) -> 19 | C6: =SUM(COUNTIF('Season 5'!A:AAO, TRIM(A6)), COUNTIF('Season 5'!A:AAO, TRIM(A6) & " (Defending)"), COUNTIF('Season 5'!A:AAO, TRIM(A6) & " (PL)"), COUNTIF('Season 5'!A:AAO, TRIM(A6) & " (PL) (Defending)")) -> 8
A7: Sonic | B7: =COUNTIF('Season 5'!A:CF, CONCATENATE(TRIM(A7), " ","-"," ","W*")) -> 17 | C7: =SUM(COUNTIF('Season 5'!A:AAO, TRIM(A7)), COUNTIF('Season 5'!A:AAO, TRIM(A7) & " (Defending)"), COUNTIF('Season 5'!A:AAO, TRIM(A7) & " (PL)"), COUNTIF('Season 5'!A:AAO, TRIM(A7) & " (PL) (Defending)")) -> 13
A8: Samus | B8: =COUNTIF('Season 5'!A:CF, CONCATENATE(TRIM(A8), " ","-"," ","W*")) -> 17 | C8: =SUM(COUNTIF('Season 5'!A:AAO, TRIM(A8)), COUNTIF('Season 5'!A:AAO, TRIM(A8) & " (Defending)"), COUNTIF('Season 5'!A:AAO, TRIM(A8) & " (PL)"), COUNTIF('Season 5'!A:AAO, TRIM(A8) & " (PL) (Defending)")) -> 13
A9: ROB | B9: =COUNTIF('Season 5'!A:CF, CONCATENATE(TRIM(A9), " ","-"," ","W*")) -> 16 | C9: =SUM(COUNTIF('Season 5'!A:AAO, TRIM(A9)), COUNTIF('Season 5'!A:AAO, TRIM(A9) & " (Defending)"), COUNTIF('Season 5'!A:AAO, TRIM(A9) & " (PL)"), COUNTIF('Season 5'!A:AAO, TRIM(A9) & " (PL) (Defending)")) -> 16
A10: Ness | B10: =COUNTIF('Season 5'!A:CF, CONCATENATE(TRIM(A10), " ","-"," ","W*")) -> 15 | C10: =SUM(COUNTIF('Season 5'!A:AAO, TRIM(A10)), COUNTIF('Season 5'!A:AAO, TRIM(A10) & " (Defending)"), COUNTIF('Season 5'!A:AAO, TRIM(A10) & " (PL)"), COUNTIF('Season 5'!A:AAO, TRIM(A10) & " (PL) (Defending)")) -> 19
A11: Falco | B11: =COUNTIF('Season 5'!A:CF, CONCATENATE(TRIM(A11), " ","-"," ","W*")) -> 14 | C11: =SUM(COUNTIF('Season 5'!A:AAO, TRIM(A11)), COUNTIF('Season 5'!A:AAO, TRIM(A11) & " (Defending)"), COUNTIF('Season 5'!A:AAO, TRIM(A11) & " (PL)"), COUNTIF('Season 5'!A:AAO, TRIM(A11) & " (PL) (Defending)")) -> 21
A12: Wolf | B12: =COUNTIF('Season 5'!A:CF, CONCATENATE(TRIM(A12), " ","-"," ","W*")) -> 13 | C12: =SUM(COUNTIF('Season 5'!A:AAO, TRIM(A12)), COUNTIF('Season 5'!A:AAO, TRIM(A12) & " (Defending)"), COUNTIF('Season 5'!A:AAO, TRIM(A12) & " (PL)"), COUNTIF('Season 5'!A:AAO, TRIM(A12) & " (PL) (Defending)")) -> 18
A13: Captain Falcon | B13: =COUNTIF('Season 5'!A:CF, CONCATENATE(TRIM(A13), " ","-"," ","W*")) -> 11 | C13: =SUM(COUNTIF('Season 5'!A:AAO, TRIM(A13)), COUNTIF('Season 5'!A:AAO, TRIM(A13) & " (Defending)"), COUNTIF('Season 5'!A:AAO, TRIM(A13) & " (PL)"), COUNTIF('Season 5'!A:AAO, TRIM(A13) & " (PL) (Defending)")) -> 17
... A19: Jigglypuff | B19: =COUNTIF('Season 5'!A:CF, CONCATENATE(TRIM(A19), " ","-"," ","W*")) -> 1 | C19: =SUM(COUNTIF('Season 5'!A:AAO, TRIM(A19)), COUNTIF('Season 5'!A:AAO, TRIM(A19) & " (Defending)"), COUNTIF('Season 5'!A:AAO, TRIM(A19) & " (PL)"), COUNTIF('Season 5'!A:AAO, TRIM(A19) & " (PL) (Defending)")) -> 18
A21: Melee Fighters | B21: W | C21: L
A22: Mario | B22: =COUNTIF('Season 5'!A:CF, CONCATENATE(TRIM(A22), " ","-"," ","W*")) -> 26 | C22: =SUM(COUNTIF('Season 5'!A:AAO, TRIM(A22)), COUNTIF('Season 5'!A:AAO, TRIM(A22) & " (Defending)"), COUNTIF('Season 5'!A:AAO, TRIM(A22) & " (PL)"), COUNTIF('Season 5'!A:AAO, TRIM(A22) & " (PL) (Defending)")) -> 17
A23: Ike | B23: =COUNTIF('Season 5'!A:CF, CONCATENATE(TRIM(A23), " ","-"," ","W*")) -> 24 | C23: =SUM(COUNTIF('Season 5'!A:AAO, TRIM(A23)), COUNTIF('Season 5'!A:AAO, TRIM(A23) & " (Defending)"), COUNTIF('Season 5'!A:AAO, TRIM(A23) & " (PL)"), COUNTIF('Season 5'!A:AAO, TRIM(A23) & " (PL) (Defending)")) -> 13
A24: Luigi | B24: =COUNTIF('Season 5'!A:CF, CONCATENATE(TRIM(A24), " ","-"," ","W*")) -> 20 | C24: =SUM(COUNTIF('Season 5'!A:AAO, TRIM(A24)), COUNTIF('Season 5'!A:AAO, TRIM(A24) & " (Defending)"), COUNTIF('Season 5'!A:AAO, TRIM(A24) & " (PL)"), COUNTIF('Season 5'!A:AAO, TRIM(A24) & " (PL) (Defending)")) -> 7
A25: Pit | B25: =COUNTIF('Season 5'!A:CF, CONCATENATE(TRIM(A25), " ","-"," ","W*")) -> 22 | C25: =SUM(COUNTIF('Season 5'!A:AAO, TRIM(A25)), COUNTIF('Season 5'!A:AAO, TRIM(A25) & " (Defending)"), COUNTIF('Season 5'!A:AAO, TRIM(A25) & " (PL)"), COUNTIF('Season 5'!A:AAO, TRIM(A25) & " (PL) (Defending)")) -> 10
A26: Yoshi | B26: =COUNTIF('Season 5'!A:CF, CONCATENATE(TRIM(A26), " ","-"," ","W*")) -> 19 | C26: =SUM(COUNTIF('Season 5'!A:AAO, TRIM(A26)), COUNTIF('Season 5'!A:AAO, TRIM(A26) & " (Defending)"), COUNTIF('Season 5'!A:AAO, TRIM(A26) & " (PL)"), COUNTIF('Season 5'!A:AAO, TRIM(A26) & " (PL) (Defending)")) -> 13
A27: Wario | B27: =COUNTIF('Season 5'!A:CF, CONCATENATE(TRIM(A27), " ","-"," ","W*")) -> 18 | C27: =SUM(COUNTIF('Season 5'!A:AAO, TRIM(A27)), COUNTIF('Season 5'!A:AAO, TRIM(A27) & " (Defending)"), COUNTIF('Season 5'!A:AAO, TRIM(A27) & " (PL)"), COUNTIF('Season 5'!A:AAO, TRIM(A27) & " (PL) (Defending)")) -> 13
A28: Mr. Game & Watch | B28: =COUNTIF('Season 5'!A:CF, CONCATENATE(TRIM(A28), " ","-"," ","W*")) -> 19 | C28: =SUM(COUNTIF('Season 5'!A:AAO, TRIM(A28)), COUNTIF('Season 5'!A:AAO, TRIM(A28) & " (Defending)"), COUNTIF('Season 5'!A:AAO, TRIM(A28) & " (PL)"), COUNTIF('Season 5'!A:AAO, TRIM(A28) & " (PL) (Defending)")) -> 9
A29: Link | B29: =COUNTIF('Season 5'!A:CF, CONCATENATE(TRIM(A29), " ","-"," ","W*")) -> 15 | C29: =SUM(COUNTIF('Season 5'!A:AAO, TRIM(A29)), COUNTIF('Season 5'!A:AAO, TRIM(A29) & " (Defending)"), COUNTIF('Season 5'!A:AAO, TRIM(A29) & " (PL)"), COUNTIF('Season 5'!A:AAO, TRIM(A29) & " (PL) (Defending)")) -> 14
A30: DK | B30: =COUNTIF('Season 5'!A:CF, CONCATENATE(TRIM(A30), " ","-"," ","W*")) -> 14 | C30: =SUM(COUNTIF('Season 5'!A:AAO, TRIM(A30)), COUNTIF('Season 5'!A:AAO, TRIM(A30) & " (Defending)"), COUNTIF('Season 5'!A:AAO, TRIM(A30) & " (PL)"), COUNTIF('Season 5'!A:AAO, TRIM(A30) & " (PL) (Defending)")) -> 16
A31: Fox | B31: =COUNTIF('Season 5'!A:CF, CONCATENATE(TRIM(A31), " ","-"," ","W*")) -> 12 | C31: =SUM(COUNTIF('Season 5'!A:AAO, TRIM(A31)), COUNTIF('Season 5'!A:AAO, TRIM(A31) & " (Defending)"), COUNTIF('Season 5'!A:AAO, TRIM(A31) & " (PL)"), COUNTIF('Season 5'!A:AAO, TRIM(A31) & " (PL) (Defending)")) -> 19
A32: Meta Knight | B32: =COUNTIF('Season 5'!A:CF, CONCATENATE(TRIM(A32), " ","-"," ","W*")) -> 12 | C32: =SUM(COUNTIF('Season 5'!A:AAO, TRIM(A32)), COUNTIF('Season 5'!A:AAO, TRIM(A32) & " (Defending)"), COUNTIF('Season 5'!A:AAO, TRIM(A32) & " (PL)"), COUNTIF('Season 5'!A:AAO, TRIM(A32) & " (PL) (Defending)")) -> 16
A33: Olimar | B33: =COUNTIF('Season 5'!A:CF, CONCATENATE(TRIM(A33), " ","-"," ","W*")) -> 11 | C33: =SUM(COUNTIF('Season 5'!A:AAO, TRIM(A33)), COUNTIF('Season 5'!A:AAO, TRIM(A33) & " (Defending)"), COUNTIF('Season 5'!A:AAO, TRIM(A33) & " (PL)"), COUNTIF('Season 5'!A:AAO, TRIM(A33) & " (PL) (Defending)")) -> 14
... A38: King Dedede | B38: =COUNTIF('Season 5'!A:CF, CONCATENATE(TRIM(A38), " ","-"," ","W*")) -> 4 | C38: =SUM(COUNTIF('Season 5'!A:AAO, TRIM(A38)), COUNTIF('Season 5'!A:AAO, TRIM(A38) & " (Defending)"), COUNTIF('Season 5'!A:AAO, TRIM(A38) & " (PL)"), COUNTIF('Season 5'!A:AAO, TRIM(A38) & " (PL) (Defending)")) -> 26
A121: Incineroar | B121: 0 | C121: 0
A122: Ken | B122: 0 | C122: 0
A123: Ridley | B123: 0 | C123: 0
A124: Ryu | B124: 0 | C124: 0
A125: Young Link | B125: 0 | C125: 0
A126: Simon Belmont | B126: 0 | C126: 0
A127: Bayonetta | B127: 0 | C127: 0
A128: Roy | B128: 0 | C128: 0
A129: Corrin | B129: 0 | C129: 0
A130: Little Mac | B130: 0 | C130: 0
A131: Richter Belmont | B131: 0 | C131: 0
A132: Robin | B132: 0 | C132: 0
... A317: Daisy | B317: 0 | C317: 0

Sheet Season 4 Stats
A1: Brawl Fighters | B1: W | C1: L
A2: Diddy Kong | B2: 27 | C2: 8
A3: Samus | B3: 22 | C3: 12
A4: Sonic | B4: 20 | C4: 8
A5: Fox | B5: 19 | C5: 17
A6: Zelda | B6: 19 | C6: 9
A7: Toon Link | B7: 19 | C7: 11
A8: Marth | B8: 19 | C8: 21
A9: Wario | B9: 17 | C9: 8
A10: ROB | B10: 16 | C10: 18
A11: DK | B11: 15 | C11: 20
A12: Lucas | B12: 15 | C12: 19
A13: Wolf | B13: 9 | C13: 21
... A19: Peach | B19: 1 | C19: 21
A21: Melee Fighters | B21: W | C21: L
A22: Ike | B22: 24 | C22: 16
A23: Pit | B23: 21 | C23: 18
A24: Kirby | B24: 21 | C24: 4
A25: Meta Knight | B25: 20 | C25: 10
A26: Link | B26: 20 | C26: 12
A27: Pikachu | B27: 20 | C27: 12
A28: Falco | B28: 19 | C28: 14
A29: Captain Falcon | B29: 19 | C29: 17
A30: Bowser | B30: 17 | C30: 9
A31: Mario | B31: 16 | C31: 16
A32: Yoshi | B32: 14 | C32: 24
A33: Luigi | B33: 14 | C33: 14
... A251: Erdrick | B251: 0 | C251: 0

Sheet Season 3 Stats
A1: Brawl Fighters | B1: W | C1: L
A2: ROB | B2: 27 | C2: 10
A3: Wario | B3: 26 | C3: 11
A4: Mario | B4: 24 | C4: 22
A5: Sonic | B5: 24 | C5: 13
A6: Diddy Kong | B6: 22 | C6: 17
A7: Pikachu | B7: 22 | C7: 13
A8: Toon Link | B8: 17 | C8: 12
A9: Samus | B9: 16 | C9: 16
A10: Fox | B10: 15 | C10: 23
A11: Ness | B11: 14 | C11: 17
A12: Pit | B12: 12 | C12: 15
A13: Lucas | B13: 11 | C13: 14
... A18: Jigglypuff | B18: 2 | C18: 19
A20: Melee Fighters | B20: W | C20: L
A21: Falco | B21: 30 | C21: 13
A22: Kirby | B22: 22 | C22: 10
A23: Mr. Game & Watch | B23: 22 | C23: 8
A24: Luigi | B24: 21 | C24: 8
A25: Lucario | B25: 19 | C25: 11
A26: Yoshi | B26: 17 | C26: 19
A27: Link | B27: 16 | C27: 16
A28: Wolf | B28: 14 | C28: 14
A29: Meta Knight | B29: 14 | C29: 8
A30: Zelda | B30: 14 | C30: 21
A31: Bowser | B31: 14 | C31: 20
A32: Ike | B32: 12 | C32: 15
... A326: Erdrick | B326: 0 | C326: 0

Sheet Season 2 Stats
A1: Brawl Fighters | B1: W | C1: L
A2: Toon Link | B2: 23 | C2: 11
A3: Ness | B3: 23 | C3: 13
A4: Link | B4: 21 | C4: 16
A5: Wario | B5: 19 | C5: 19
A6: Mario | B6: 18 | C6: 15
A7: Fox | B7: 18 | C7: 20
A8: Lucario | B8: 18 | C8: 15
A9: Diddy Kong | B9: 17 | C9: 20
A10: Lucas | B10: 16 | C10: 20
A11: King Dedede | B11: 14 | C11: 18
A12: Captain Falcon | B12: 14 | C12: 14
A13: Ike | B13: 14 | C13: 17
... A18: Jigglypuff | B18: 3 | C18: 20
A20: Melee Fighters | B20: W | C20: L
A21: Luigi | B21: 24 | C21: 12
A22: Meta Knight | B22: 19 | C22: 15
A23: Pikachu | B23: 18 | C23: 8
A24: Sonic | B24: 17 | C24: 7
A25: Mr. Game & Watch | B25: 17 | C25: 7
A26: Kirby | B26: 16 | C26: 10
A27: Samus | B27: 16 | C27: 16
A28: Yoshi | B28: 16 | C28: 16
A29: Wolf | B29: 16 | C29: 8
A30: Pit | B30: 15 | C30: 11
A31: ROB | B31: 14 | C31: 14
A32: DK | B32: 13 | C32: 15
... A259: Erdrick | B259: 0 | C259: 0

Sheet Season 1 Stats
A1: Brawl Fighters | B1: W | C1: L
A2: Luigi | B2: 24 | C2: 12
A3: Mario | B3: 23 | C3: 17
A4: Diddy Kong | B4: 23 | C4: 14
A5: Wario | B5: 22 | C5: 15
A6: Link | B6: 20 | C6: 18
